Date;Title;Paper;Text
29-04-1986;Eet uheld pr. en million år;Ekstra Bladet;Om katastrofen på Tjernobyl atomkraftværket
29-04-1986;FRYGT FOR MASSEDØD;Ekstra Bladet;En atomsky fra det katastrofe ramte atomkraftværk Tjernobyl i Sovjetunionen udløste i går panik i de nordiske lande.
30-04-1986;Smart og farligt;Politiken;Ulykkes reaktoren i Tjernobyl var i økonomisk verdensklasse indtil katastrofen.
30-04-1986;Pravda;Ekstra Bladet;Da det sovjetiske partiblad Pravda i går udkom stod der ikke en linje om katastrofen på atomkraftværket Tjernobyl.
30-04-1986;Kina symdrom;Politiken;Kommenterer atomkraftulykken i Tjernobyl i USSR
30-04-1986;Fra ingenting til en hurtig død;Politiken;Civilingeniør Hugo Simonsen, Statens Institut for Strålehygiejne, der vurderer strålingsfaren i forbindelse med Tjernobyl ulykken
30-04-1986;2000 DØDE OG 25.000 PÅ FLUGT;Ekstra Bladet;Den sovjetiske TV avis fortalte i aftes 275 millioner landsmænd - og en undrende omverden - at atomkatastrofen i Tjernobyl har kostet to mennesker livet.
01-05-1986;Trykbølgen;Politiken;Digt om Tjernobyl af Bent Abkjer Hansen
01-05-1986;Start på reportage om ulykken på Tjernobyl;Ekstra Bladet;"fra Tjernobyl. Den fortvivlede russiske amatør fortalte Kofman og en japansk radiostation, om den frygtelige tragedie, som havde ramt hans hjemegn. (Poul Hansen - 20 spcm). Ny atomsky på vej mod Danmark Lun luft i den kommende weekend kommer fra Mellemeuropa, hvor radioaktiviteten var forøget i går. (Bagner - 10 spcm). Stop Døden fra Barsebæck side 4 - I næste uge skal Folketinget stemme om et forslag til folketingsbeslutning fremsat af Socialdemokratiet om lukning af Barsebæck Atomkraftværk. Forslaget har følgende ordlyd; 'Folketinget pålægger regeringen snarest at rette henvendelse til den svenske regering med anmodning om lukning af Atomkraftværket Barsebæck'. Der menes at være et klart flertal på 93 for forslaget. (Kate Bluhme - 30 spcm). Hvad skal væk.. side 4 - Demonstration foran Sovjetunionens ambassade i København krævede atomkraftværkerne Barsebæck i Sverige og Greifswald i Østtyskland lukket. (Jonna Gade - 30 spcm). De vil ikke evakuere os side 5 - Formanden for 2800 HT chauffører i Trafikfunktionærernes Fagforening, Anker Jørgensens søn Peter Kvist Jørgensen, siger at chaufførerne vil nægte at være med til at evakuere næsten en million mennesker fra København, hvis der sker en katastrofe på Barsebæck i stil med den, der er sket på Tjernobylværket ved Kiev. Har forgæves i årevis prøvet at få oplysninger om beredskabsplanerne. Københavnerne har kun Civilforsvarets vejledning bag i telefonbogen at holde sig til. Her står, at man ved melding om radioaktiv forurening skal gå indendørs og sikre sig at alle døre og vinduer er lukkede. Besked om evakuering vil blive givet over radioen. (Jonna Gade - 40 spcm.) Jeg er bange far side 6 og 7 - Danske pige fanget i Kievs atomhelvede. 20årige Anette Christensen, der studerer russisk i England, er for tiden på studierejse og opholder sig sammen med 68 andre studerende og en lærer på Mir Hotel i Kiev. Om gribende telefonsamtale mellem Anette og hendes far direktør i Danish Bacon Compagni Carl Christensen, der bor i landsbyen Welwyn i England. De"
01-05-1986;Køerne på stald pga atomkraft ulykken i USSR;Politiken;ngen fare ved dansk kød (POL 1.5.86 1.sektion side 1) - Veterinærdirektør Erik Stougaard redegjorde i går overfor den danske ambassade i Japan for, at dansk svinekød fortsat kan spises og ikke er forurenet med radioaktive stoffer på grund af atomulykken i Tjernobyl. Køerne må ikke gå på græs (POL 7.5.86 1.sektion side 1) - Miljøstyrelsen har forbudt danske landmænd at sætte deres køer på græs. Det sker, fordi der i Sønderjylland er målt stærkt forhøjet radioaktivitet på græs - omkring 8000 becquerel, hele 16 gange det normale. Samtidig forbyder Miljøstyrelsen brug af grøntfoder, der er høstet efter 26.april. Direktør Jens Kampmann siger, at forbudene skal betragtes som en yderligere forholdsregel. Vi er dog endnu langt fra alle faregrænser, tilføjer han. Landbruget frygter store tab (POL 7.6.86 1.sektion side 8) - Hos gårdejer Heine Ruwald i Rødekro i Sønderjylland er lidt uforstående overfor Miljøstyrelsens beslutning, men man vil naturligvis rette sig efter den. De økonomiske konsekvenser er uoverskuelige, siger Elli Ruwald. Og hvad med hønsene - de går jo ude og hakker i græsset. Forbud for at at sikre mælken (POL 8.5.86 1.sektion side 2) - Direktør Jens Kampmann siger, det udelukkende er et ønske om at forebygge risikable stoffer i mejeriprodukter, der er baggrunden for forbudet med at sende malkekøer på græs. Frygt for, at landbrugseksporten skal blive ramt, spillede ingen rolle. Radioaktivitet faldende (POL 10.5.86 1.sektion side 1) - Radioaktiviteten over Danmark var i går faldet, og hvis tendensen holder, ventes køerne på græs om få dage. De landsdækkende analyser af jod 131 i græs viste et gennemsnitstal på 800 - 1200 becquerel pr kilo græs. Danske køer igen på græs (POL 12.5.86 1.sektion side 1) - Miljøstyrelsen ophævede i går græsnings forbudet. Man opretholder dog fortsat sit alarm beredskab med daglige målinger. To automatiske telefon svarere - 01 54 59 07 og 01 57 14 46 - fortæller hele døgnet om de aktuelle målingsresultater. © Politiken - Artiklen er ophavsretligt beskyttet o
01-05-1986;Barsebæck klar til det værste.;Politiken;Interview med chefen for Barsebæck værket Bengt Ahlmann
02-05-1986;Atomkraftens skråsikre eksperter;Ekstra Bladet;Debatindlæg af professor Niels I. Meyer. Det er rimeligt, at Vesten retter en stærk kritik mod de sovjetiske myndigheders ekstreme hemmelighedskræmmeri omkring katastrofen i i Tjernobyl. Men inden vi bliver alt for hellige, er der grund til at minde om, at hemmelighedskræmmeriet også trives hos os. Vinduet - Chokket Skuespilleren Klaus Bindslev om reaktionen på Tjernobyl ulykken - Det gir hovedpine at få Barsebæck i hovedet.
02-05-1986;Tjernobyl;Politiken;Vurderer Tjernobyl katatrofens konsekvenser. Vil have afgørende indflydelse på al fremtidigt debat om kernekraft. Men kernekraften vil ikke med et slag forsvinde som afgørende faktor. Katastrofen har også fået vidtrækkende konsekvenser for USSR's internationale troværdighed. Katarofen blev Mikhail Gorbatjov første alvorlige, politiske prøve. Hidtil er der ikke meget, der tyder på, at der er sket afgørende ændringer i det politiske system.
02-05-1986;Atombranden slukket;Ekstra Bladet;1. maj parader under skyfri himmel i Moskva og Kiev
02-05-1986;Atom ulykken trin for trin.;Politiken;De nyeste oplysninger om ulykken i Tjernobyl har fået mange eksperter til at forkaste de hidtidige gisninger om hvordan ulykken fandt sted.
02-05-1986;Anker - Luk Barsebæck;Ekstra Bladet;Vi kommer til at bede svenskerne om at lukke Barsebæck, siger tidligere statsminister Anker Jørgensen. Der er et problem ved, at vi blander os i interne svenske anliggender, men når vi har blandet os i Sovjetunionens efter ulykken på Tjernobyl kraftværket, kan vi også tillade os at bede svenskerne om at lukke Barsebæck.
02-05-1986;Anettes lykkelige hjemkomst;Ekstra Bladet;Den 20årige studerende Anette Christensen genforenet med sin familie i Heathrow lufthavn i går
03-05-1986;Danskerne blev totalt svigtet;Ekstra Bladet;Debatindlæg af Siegfried Christiansen, aktiv i OOA, om de danske myndigheders behandling af ulykken på Tjernobyl atomkraftværk ved Kiev. Vinduet - Katastrofe - Digt af Maria Damsholt.
03-05-1986;Nu får vi en pjece;Ekstra Bladet;Diektør Jens Kampmann, Miljøstyrelsen, har nu overtaget ansvaret for, at danskerne i løbet af nogle måneder får mulighed for at erhverve sig en pjece, som giver råd om, hvad folk skal gøre, hvis der sker en ulykke på et af de omliggende atomkraftværker. Efter miljøkonsulent H.P. Ryders udtalelser til Ekstrabladet i går krævede folketingsmedlem Hans Hækkerup, SD, at pjecen blev sat i værk omgående, og at den skal omdeles til alle husstande. Samtale med Jens Kampmann, der siger at efter ulykken på Tjernobyl kræftværket ved Kiev er det klart, at man ikke kan nøjes med en pjece, der handler om en ulykke på Barsebæck værket.
03-05-1986;Lægespalten - Atomofre kan måske reddes;Ekstra Bladet;Erik Münster om behandling af strålingsskadede. Den amerikanske læge Robert Gale er kommet til Sovjetunionen for at hjælpe med de 18 kritisk syge efter ulykken på Tjernobyl atomkraftværket. Er ekspert i transplantation af knoglemarv
03-05-1986;Østrejse er aflyst;Politiken;Danske rejsebureauer vil give pengene tilbage eller ændre rejsemål for de kunder, der ikke tør rejse til USSR eller Østeuropa på grund af Tjernobyl ulykken. Indtil videre har kun Tjæreborg aflyst rejser, der efter planen skulle have bragt danske turister til Polen og USSR i ma
03-05-1986;Atomenken - Joans mand blandt Englands strålingsofre;Ekstra Bladet;Paul Gazan fra byen Seascale ved det store atomoparbejdningsværk Sellafield - tidligere Windscale - i Cumbria ved det irske hav. Samtale med enke efter Harry King, Joan King, der har anlagt sag mod det regeringskontrollerede firma BFNL for at få erstatning efter at hendes mand døde af kræft. Ialt er der rejst 126 erstatningssager. - Samtale med Seascales praktiserende læge Barry Walker, der er stærkt kritisk over for de sikkerhedsgarantier som BFNL giver sine arbejdere og deres familier i området. Poul McGhee, som arbejder professionelt i miljøorganisationen Core, der repræsenterer Greenpeace i området, siger at Greenpeace har udarbejdet en samlet liste over udslip og stråling fra Windscale, en liste der er otte sider lang og registrerer over 300 større og mindre uheld, det værste i 1957, hvor der udbrød brand den 10. oktober. Branden varede i to en halv dag, og selv i 1986 er der ingen, der har fuldt overblik over, hvor meget denne brand har forårsaget af ødelæggelser. Dansk fisker stråleoffer side 25 - Paul Gazan taler med Poul Pedersen fra Hanstholm, der er den mest radioaktive fisker i havet ud for Windscale. På pub'en i den lille by Ravensglass, hvor han bor, er latteren blevet noget forstemt efter ulykken på Tjernobyl Atomkraftværket ved Kiev. Poul Pedersen har boet i England siden anden verdenskrig, og han fisker i Det irske Hav. Fik engang 50 pund fra Windscaleværket, da han afslørede en læk i rørsystemet ud i havet - og lovede at holde mund med det. (50 spcm)
04-05-1986;Øret og øjet;Politiken;Herbert Pundik skriver om hvordan Sovjetunionen har håndteret reaktoruheldet i Tjernobyl. De fleste eksperter ville have forudset den sovjetiske optræden med hemmlighedskræmmeri, løgne og usikkerhed. Men selv om myndighederne ville offentliggøre sandfærdige communiqueer ville ingen i Sovjetunionen tro på deres pålidelighed.
05-05-1986;Luk Barsebæck;Politiken;Undrer sig over, at den danske regering endnu ikke har benyttet sig af lejligheden til at rette en meget indtrængende opfordring til den svenske regering om at afvikle A kraftværket i Barsebæck. I tilfælde af en ulykke som f.eks. i Tjernobyl, ville tilstandene på mange måder minde om en atomkrig. Den kendsgerning burde ikke blot få den danske regering til appellere kraftigt til den svenske. Detn burde også få den svenske til at indse, at den risiko kan man ikke udsætte et naboland fo
05-05-1986;Fortielsens Filosof;Ekstra Bladet;Debatindlæg af forfatteren Knud Holst om ulykken på atomkraftværket Tjernobyl ved Kiev. Sovjet er langt fra ene om at benægte eller bagatellisere alvorlige ulykker. Metoden har været reglen over hele verden. Henviser til Robert Jungk's bog 'Atomstaten', der kom på dansk i 1977.
05-05-1986;Atom-ugen, der rystede verden;Ekstra Bladet;Om ugen efter ulykken på Tjernobyl atomkraftværket i Ukraine. Vi blev mindet om vor sårbare beliggenhed nær Barsebæck og Greifswald - skriv under på Ekstrabladets protestliste til den svenske statsminister med krav om øjeblikkelig lukning af Barsebæck - Gør det i dag
05-05-1986;Boykot svenske varer;Ekstra Bladet;Artikelserie - Vi kræver Barsebæck lukket nu. - Samtale med talsmand for De Grønne i Sverige, Birger Schlaug, om det danske krav om lukning af Barsebæck. Foreslår handelssanktioner mod Sverige indtil værket er lukket. 'Den svenske regering beklager sig over, at Sovjet ikke har taget tilstrækkeligt hensyn til Sverige . Skal Sverige så ikke tage lidt større hensyn til Danmark'. De Grønne fik 150.000 stemmer ved sidste Riksdagsvalg. - Om TV debat i Svensk TV med deltagelse af energiminister Birgitta Dahl og tre andre eksperter, der svarede på folkets spørgsmål om ulykken i Tjernobyl og de svenske atomkraftværker. 60 pct. af svenskerne ønsker nu atomkraften afviklet. Se også leder side 2 - Atom-ugen, der rystede verden.
06-05-1986;Alarm i Tyskland - Danmark overvejer;Ekstra Bladet;Der er konstateret forhøjet nedfald af radioaktive stoffer fra det ulykkesramte atomkraftværk Tjernobyl i Ukraine, lige syd for den dansk tyske grænse. Hele dagen i går blev befolkningen i Nordtyskland advaret over radioen og opfordret til at holde sig inde. Det blev dog fastslået, at der ikke er fundet akut livsfarlige mængder af radioaktivitet. I Danmark begyndte indsamlingen af prøver i Sønderjylland først sent på eftermiddagen, da specialister fra Statens Institut for Strålehygiejne nåede derned. Miljøstyrelsens direktør Jens Kampmann siger til Ekstrabladet, at de analyser, der indtil nu er foretaget, viser at der er fohøjet radioaktivitet i området, men der er ikke grund til at sætte nogen foranstaltninger i værk. Stiger værdierne vil man indføre forbud mod at køerne sættes på græs, og måske destruere mælken.
07-05-1986;Bare angsten var latterlig;Ekstra Bladet;Debatindlæg af journalist Karen Thisted om angsten efter ulykken på atomkraftværket Tjernobyl i Sovjetunionen - og utrygheden ved myndigheders og eksperters udtalelser.
07-05-1986;A beredskab;Politiken;Ulykken på Tjernobyl værket har kastet et grelt lys på de danske beredsskabsplaner i relation til Barsebæck. Det er godt at en læge på Rigshospitalet fortæller offentligheden om dette. Det er beskæmmende, at det fører til krav om afskedigelse. Eksperterne skal ikke blot have ret til at blande sig i debatten, de bør føle en pligt til det.
07-05-1986;Alt under kontrol;Ekstra Bladet;Om følgevirkningerne efter ulykken på Tjernobyl Atomkraftværk - myndighedernes information til borgerne - og endelig et krav om at Barsebæck, Greifswald, Brunsbüttel, Brockdorf, Stade og alle andre atomkraftværker lukkes nu
07-05-1986;ATOM-JOD I MÆLK - Alle danske køer skal bli (63)e;Ekstra Bladet;"eportage om danske indgreb efter at der er konstateret forhøjede mængder af radioaktive stoffer i græsset efter ulykken på Atomkraftværket Tjernobyl i Ukraine. Køerne må ikke æde dansk græs Søndag aften silede radioaktiv jodregn ned over Sønderjylland. Men først i aftes - næsten to døgn efter - reagerede Miljøstyrelsen; Det blev med omgående virkning forbudt at holde malkekøer på græs. Og det ikke kun i Sønderjylland, men over hele Danmark. (Leif Richter - 40 spcm). Stakkels Landmænd. Samtale med landmand Chr. Peter Todsen fra Felsted ved Åbenrå, og med kvægkonsulent Peter Damgaard, Åbenrå, om de økonomiske følger af forbuddet mod kvægets græsning. (30 spcm). Farlig Mælk i Danmark side 5 - Helsefysikere fra Risø har i komælk fra et mindre landbrug i Danmark fundet så meget radioaktivt russisk jod, at mælken ikke kan sælges i butikkerne. Samtale med helsefysikeren Svend Nielsen. Der er dog ingen fare på færde, siger de danske myndigheder med Miljøstyrelsen i spidsen. Terje Haaland fra OOA er tydeligt ophidset over myndighedernes langsommelighed. Afdelingschef H.P. Ryder i Miljøministeriet siger; 'Jeg kan ikke tage hensyn til hvad tysk eller dansk fjernsyn siger, eller for den sags skyld handle på baggrund af diverse TV udsendelser. Vi har vores egne eksperter, og vi handler på baggrund af deres undersøgelser'. (Jan Jensen - 60 spcm). Løgn over løgn fra Tjernobyl side 6 - om modstridende oplysninger fra sovjetiske politikere, aviser og telegrambureauer. (Poul Hansen - 40 spcm). Mere giftregn kan ramme Danmark side 6 - Samtale med vagthavende på Meteorologisk Institut om muligheder for større radioaktivitet ved udbredt regn i de nærmeste dage. 'Sandheden er, at vi ved så uendelig lidt om den radioaktivitet, der er sluppet ud fra Tjernobylværket siden den 26. april', siger han"
09-05-1986;Turisterne svigter Danmark;Politiken;Turisterne svigter Danmark. Især vesttyske og amerikanske turister vælger at holde ferie andre steder. De senere års dårlige vejr har fået mange vesttyskere, der ellers har ferieret i Danmark, til at vende mod Sydeuropas sikre sol. Således ligger forudbestillingerne på sommerhuse pt 6-7% under de seneste års niveau. Frygten for terror og radioaktivt nedfald efter Tjernobyl ulykken har fået mange amerikanere til at holde sig væk. Erik Palsgaard fra Danmarks Turistråd skønner, at tallet af USA turister er faldet 20%. Derfor sætter rådet nu kampagner i gang for at kompensere med turist tilgang fra andre lande
09-05-1986;Tusinder på flugt fra Kiev;Ekstra Bladet;Frygt for ny nedsmeltning i Tjernobyl kraftværket i Ukraine. Tør ikke komme til Danmark En gruppe på 40 canadiske lærere, der skulle have opholdt sig en uge på Europahøjskolen på Møn har meddelt, at de ikke tør komme til Danmark. Direktøren i Danmarks Turistråd, Erik Palsgaard, oplyser at der er kommet afbud fra canadiske og amerikanske turister på grund af ulykken på Tjernobyl kraftværket. TV og presse i USA og Canada er fyldt med foruroligende meddelelser om stigning i radioaktiviteten i Vesteuropa. - Miljøstyrelsens analyser af mælk viser, at niveauet af radioaktivt jod ligger 100 til 300 gange under de grænseværdier, der er anbefalet af WHO og EF. - Samtale med civilingeniør Ole Berg, Statens Institut for Strålehygiejne, om faren for stigende kræfttilfælde i de kommende år.
09-05-1986;Mere end strømmen svigtede.;Ingeniøren;Reaktorulykken i Tjernobyl må skyldes andet og mere end et strømsvigt, der tilsyneladende satte kølevandspumpen ud af drift, skriver Peter Bille Fynbo.Tidligere forsøg med en søster-reaktor har vist at der ingen risiko er for sikkerheden, selv om kølevand ikke længere pumpes til reaktorkernen.Fuldskalaforsøg hvor kølevandspumpen blev sat i står medførte hver gang, at reaktoren lukkede ned på forsvarlig måde. Artiklen gennemgår forskellige mulige årsager til ulykken, herunder bl.a. den teori, at hovedfødevandsledningen eller den manifold, der fordeler kølevandet til hver reaktorhalvdel er sprængt, eller at de tromleformede dampseparatorer er sprængt med et drastisk trykfald til følge.Hvis nødkølingen ikke omgående træder i funktion koger vandet i trykrørerne af. Da kølemidlet forsvandt bleb grafitmoderatoren stående tilbage, hvorfor fissionsprocessen kunne fortsætte med næsten fuld styrke.Herefter er der formentlig opstået et kraftigt overtryk i reaktorrummet pga vanddamp, overtrykket eller varmen har ødelagt betonvæggen, så der er kommet atmosfærisk luft til reaktoren.Temperaturen er steget yderligere og der er muligvis sket en brinteksplosion, der har sprængt reaktorhallens tag og mure bort.
09-05-1986;Havariet bremser Sovjets teknologiske udvikling;Ingeniøren;Reaktorkatastrofen i Tjernobyl i Ukraine kan blive et alvorligt tilbageslag for Sovjetunionens elektrificeringsplaner, skriver Peter Bille Fynbo.Ifølge de seneste femårsplaner skal atomkraften som en billig energikilde give landets teknologiske udvikling et godt skub fremad. Efter at reaktor nr 4 ved Tjernobyl værket er væk mangler russerne nu 4000 megawatt, hvilket er halvdelen af hele Danmarks installerede effekt.USSR har fire såkaldte RBMK reaktorer ved Leningrad, tre ved Kursk, to ved Smolensk og fire, der pt er ude af drift ved Tjernobyl.Hertil kommer to RBMK - 1500 reaktorer ved Ignalina i Litauen, der er verdens største reaktorer.Yderligere syv værker er under opførelse og ni er planlagt. Artiklen omtaler kort de forskellige reaktortyper, herunder at RBMK reaktoren ikke har nogen tryktank, men i stedet omkring 1700 lodrette trykrør, der indeholder brændsel og kølevand.Rørene går igennem grafitmoderatoren, som består af stablede blokke af grafit. Fordelen ved denne type reaktor er bl.a. at brugt brændsel kan skiftes af en lademaskine under driften, men prisen der betales er et meget kompliceret og kostbart trykrørssystem med flere tusinde trykrør.RBMK reaktorer er kun økonomiske i store størrelser fra 1000 megawatt og opefter.
11-05-1986;Noget i luften;Politiken;Kaare Toftkær skriver om atomkraft ulykken i Tjernobyl og reaktionerne efter ulykken.
12-05-1986;Venter nu på døden;Ekstra Bladet;Om brandmajor Leonid Teljatnikov, der er Sovjetunionens nye helt. Er chef for brandstationen ved kraftværket i Tjernobyl, og bekæmpede i tre timer branden på atomkraftværket. Teljatnikov var derved med til at forhindre, at branden bredte sig til værkets øvrige tre reaktorer. Nu ligger han på sygehus i Moskva og venter på stråledøden - eller på en mirakuløs helbredelse. Hans læge, en kvindelig professor, fortæller, at hun får hjælp af amerikanske kolleger i sine forsøg på redde de strålesyges liv. Køerne på græs igen FULD TEKST - De danske køer får nu lov til at spise frisk græs igen, efter at indholdet af radioaktivt jod er faldet til det halve i løbet af et par dage. - Køerne må også godt spise uvasket græs, mens Miljøstyrelsen råder menneskene til at skylle grøntsager fra friland grundigt.
12-05-1986;Eksperternes ord i en atomtid.;Politiken;Ulykken på atomkraftværket i Tjernobyl i USSR har atter sat fokus på eksperternes udtalelser om faregrænser, der international kan variere meget, hvilket igen øger skepsis hos lægfolk. Når emnerne er brandfarlige daler troværdigheden. Kommentarer fra læge Per Gregersen og cand.scient. Kaare Ulbak, Statens Institut for Strålehygiejne.
13-05-1986;Svenskerne vil ikke lukke Barsebæck;Politiken;Sverige energiminister Birgitta Dahl besvarede i går under en debat i Rigsdagen stribevis af spørgsmål i kølvandet på Tjernobyl ulykken. Trods protester og demonstrationer imod atomkraftværker sagde hun, at regeringen står fast på resultatet af folkeafstemningen om kernekraft, hvorefter den i 1990 vil forelægge en energiplan, og at en omstillingsplan vil foreligge i 1995. Omstillingsplanen vil bl.a. omfatte planer for nye former for elforsyning samt en tidsplan og rækkefølge for afvikling af atomkraftværkerne. Centerpartiet rettede voldsomme angreb på regeringens plan om at forbedre atomkraftværket Ringhals II for mere end 1 mia kr og støttede det danske krav om omgående lukning af Barsebæck
13-05-1986;Den tavse Carlsson;Ekstra Bladet;Vi kræver Barsebæck lukket nu. - Den svenske statsminister udeblev fra dramatisk atomdebat og demonstration. Den svenske Riksdag debatterede i går atomkraften på baggrund af ulykken på Tjernobyl kraftværket. Det vakte pinlig opmærksomhed, at statsminister Ingvar Carlsson udeblev fra debatten, der fik det resultat, at et såkaldt energiråd skal analysere Tjernobyl katastrofen og finde ud af, om noget tilsvarende kan ske i Sverige, og endelig om sikkerheden på de svenske atomkraftværker er tilstrækkelig. Barske Birgitta side 5 - Aage Snitkjær talte under debatten med energiminister Birgitta Dahl, der fastslog, at Barsebæck ikke lukker. Placeringen blev i sin tid godkendt af den danske regering. Birgitta Dahl skal den 16. juni mødes med miljøminister Chr. Christensen og energiminister Svend Erik Hovmand på Barsebæck. Sammen skal de gennemgå atomkraftværkets sikkerhedsniveau. (60 spcm). Han vil lukke Barsebæck side 8 - Lisbeth Hvidt om folketingsmedlem Hans Hækkerup, der kom med lovforslaget, der pålægger regeringen til at opfordre svenskerne til at lukke Barsebæck straks. (50 spcm).
13-05-1986;Barsebæck er godt nok siger professor;Politiken;Professor i reaktorfysik og atomkraftteknik, P L Ølgaard, som også er medlem af energiministeriets Energiråd, anser Barsebæck værket for godt og sikkert. 'Barsebæck er en overmåde sikker reaktor. Vestlige atomkraftværker er, i modsætning til Tjernobyl, udstyret med adskillige, sideløbende sikkerhedsstystemer og har indesluttet deres kerne. Selv ved en kernenedsmeltning på Barsebæck vil der komme så lille et udslip, at det ingen rolle spiller', siger P L Ølgaard.
14-05-1986;Gorbatjovs forklaring;Ekstra Bladet;Den sovjetiske TV Avis oplyste igår, at regeringschef Mikhail Gorbatjov i dag agter at fremsætte en erklæring, der efter al sandsynlighed vil dreje sig om ulykken på atomkraftværket Tjernobyl. Lad os håbe hans forklaring er tilstrækkelig troværdig. - Næppe var den amerikanske Challenger rumfærge drattet i havet i januar, før præsident Ronald Reagan gik på skærmen og fortalte, at vi havde set de syv astronauter møde Gud. Meget kan man sige om den forhenværende skuespiller, men han er dygtig til den slags budskaber
15-05-1986;Skyerne fra Tjernobnyl;Politiken;Peter Kempom Tjernobyl ulykken. Nødvendigt med en mentalitetsændring. Der er brug for humanisme på tværs af grænser. Ikke kun landegrænser, men også den grænse, der sættes mellem de tekniske eksperter og den øvrige befolkning eller mellem naturvidenskabsmændene og dem, der forsvarer en humanistik etik
15-05-1986;Gorbatjov: Nyt a stop;Politiken;Partichef Mikhail Gorbatjov meddelte i aftes i en TV tale, at Sovjet vil forlænge sit ensidige atomprøvestop frem til 6.august - årsdagen for den amerikanske atombombe over Hiroshima i 1945. Og endnu engang indbød han præsident Reagan til et hastemøde om et totalt prøvestop. Mødet kunne finde sted i Europa - eller i Hiroshima. Samtidig udtalte Gorbatjov sig for første gang om katastrofen på atomkraftværket i Tjernobyl
16-05-1986;Vesten tvivler på Sovjets gode vilje.;Politiken;Mikhail Gorbatjov udspil om nedskæring af de konventionelle våben kom under lup da Øst og Vest mødtes i Wien til en ny forhandlingsrunde. Men ulykken i Tjernobyl har ikke forøget optimismen. For, siger man, når USSR selv hvor det drejer sig om en ulykke i et civilt atomkraftværk, der direkte berører omverdenens, er så hemmlighedsfulde, hvordan kan man så forvente større åbenhed i militære kontrolspørgsmål ? Man er mere og mere tilbøjelig til at betragte Gorbatjovs nedrustningspolitik som en bevidst bestræbelse på at opnå den maximale påvirkning af den vestlige opinion for at få de vestlige regeringer til at gøre ensidige indrømmelser samtidigt med, at man så at sige ikke bevæger sig ud af stedet ved forhandlingsbordet. Nedrustningsforhandlingerne i Geneve er også genoptaget. Her vil man især bore i problemet med kontrol af mellemdistranceraketterne. Men også over disse forhandlinger hviler Tjenobyls skygge.
16-05-1986;Nu køber jeg gammel mælk;Ekstra Bladet;Debatindlæg af skuespilleren Lykke Nielsen
16-05-1986;Miljøfolk i luften for at spore russisk radioaktivitet;Ingeniøren;Atomreaktor ulykken ved Tjernobyl i Ukraine har medført, at Miljøstyrelsens udstyr til måling af radioaktivt nedfald fra luften er blevet installeret i et af flyvevåbnets T-17 fly.Sporingsudstyret består bl.a. af en gamma detektor, som måler den radioaktive stråling fra jordoverfladen. Måleresultatet sendes via en af politiets radioer til politigården i København.Flyets position registreres samtidigt af Shipmate udstyr via decca systemet, og sendes ligeledes til Politigården.Til modtagelse af decca signalerne anvendes en standard Shipmate antenne, der er monteret på flyets højre fodtrin. Signaturen 'FK' skriver, at installationen bærer præg af at være en prototype, der blev opfundet i løbet af en dag.Det vigtigste er dog at systemet virker og kan anvendes til formålet.
16-05-1986;Reaktorkernen åd sig gennem gulvet på en halv time;Ingeniøren;Den vesttyske atomfysiker J.P.Hosemann fra Kernforschungszentrum Karlsruhe, har under et besøg i København givet sit bud på, hvad der gik galt på atomkraftværket i Tjernobyl i Ukraine. Hosemann mener på basis af den nuværende viden, at ulykken skete under en nedlukning af reaktoren.Under nedlukningen er der sket en total strømafbrydelse af bl.a. værkets kølevandspumper.Nødstrømsanlægget, hvis basis er dieselmotorer, kunne ikke starte, hvorfor nødkølevandet ikke blev aktiveret.Kernen kan dog køles ved naturlig konvektion, blot kontrolstængerne er inde, men ifølge Hosemann gik kontrolstængerne ikke ind i kernen, årsagen kendes ikke, men de har muligvis kun været elektrisk drevet. Da strømmen forsvandt var der kun højtrykskølevandet tilbage, og da vandet var brugt op, og kontrolstængerne fortsat ikke skubbet ind i kernen, steg temperaturen i denne over smeltepunktet for den zirkonium legering, der omgiver brændslet.Smelten spaltede vanddamp så brint blev frigjort, og er der derefter på en eller anden måde kommet ilt til, er der dannet knaldgas, der er eksploderet.Efter eksplosionen var reaktoren uden enhver form for køling og den har på kort tid smeltet sig vej gennem et forholdsvist tyndt lag beton, hvorefter kinasyndromet var en kendsgerning. J.P.Hosemann siger at værket sikkerhedsmæssigt havde visse mangler, således manglede reaktoren en tryktank, og selve værket en reaktorindeslutning, der kunne have modstået trykket fra brinteksplosionen, og som derfor kunne have givet bedre tid til evakuering
16-05-1986;Kritik af satellitten over Tjernobyl.;Ingeniøren;Den britiske forsker Mike Barnsley fra University College i London kritiserer Spot Satellittens billedtjeneste.Barnsley mener, at billederne er forvrængede fordi planters udstråling af både synligt lys og infrarød stråling afhænger af vinklen til Spot.Forvrængningen vil vokse med satellittens synsvinkel. Landinspektør Peter Mahony fra Plancenter Fyn, der distribuerer Spots billeder i Danmark, Grønland og Færøerne, siger, at man har hørt om Barnsley's kritik, men at ingen helt forstår hvad han mener, og der er ikke kommet nogen kommentarer fra Spots franske og svenske ejere. Peter Mahony mener, at dersom billederne er forvrænget, så kan det muligvis skyldes strålegangen gennem atmosfæren.Lyset skal f.eks. passerer et tykkere luftlag, hvis billedets motiv ligger 25 km ude til siden, end hvis det ligger lige under satellitten.
17-05-1986;Tusinder får kræft om ti år.;Ekstra Bladet;Den vesttyske forsker, professor Herbert Begemann, som er nuklear mediciner ved Münchens universitet siger til ugemagasinet Stern, at han venter at tusinder vil få kræft om ti år som følge af ulykken på Tjernobyl atomkraftværket i Ukraine. Den danske strålingsekspert, overlæge Harriet Dige Petersen, Amtssygehuset i Glostrup, vil ikke afvise, at den vesttyske professor har ret. Her i Danmark kan det højst dreje sig om fem til ti tilfælde over de næste 40 år med den lille befolkning vi har. Siger iøvrigt beroligende, at det plutonium, der er nået til Danmark fra Tjernobyl, efter hendes mening ikke rummer nogen risiko. 'Det er så findelt, at det ikke har nogen relevans'. Se også leder side 2 - Den snigende fare
17-05-1986;Vand kan medføre atom brag;Politiken;Hvis reaktorkernen i Barsebæck smelter ned, vil grundvandet udløse en kæmpeeksplosion.
20-05-1986;Nødhjælp fra folk til folk;Ekstra Bladet;Fra Warzawa skriver Ritzaus Bureau, at Polen vil sende 5000 tæpper og soveposer til de tusinder af hjemløse i New York. Det sker som svar på en amerikansk beslutning om at sende 40.000 ton pulvermælk til Polen for at afhjælpe følgerne af ulykken på Tjernobyl Atomkraftværk. Den polske regeringstalsmand Jerzy Urban siger, at tilbuddet oser af politiske bagtanker og kritik af kommunistpartiet. Ekstrabladet kommenterer - Man kan sige mange ufordelagtige ting om det kommunistiske Polen, men vagabonderne ligger altså ikke og sover på ristene og under broerne. I USA lever millioner af mennesker i yderste fattigdom, og det amerikanske samfundsvæsen er så afsporet, at det kun yder ringe eller ingen hjælp. Den skjulte nød er - burde være - det stenrige USAs dårlige samvittighed. Herhjemme kunne vi også foranstalte en landsindsamling til fordel for det frysende og sultende USA. Det var en værdig opgave for Røde Kors at køre en sådan kampagne i TV. Men det må vi nok slet ikke for den amerikanske ambassadør.
20-05-1986;Plat på atomfrygten;Ekstra Bladet;Den berygtede religiøse sekt Scientology har taget utrolige skræmmemidler i brug for at tjene penge på ulykken på atomkraftværket i Tjernobyl.
20-05-1986;De uldne synspunkter får stemmer.;Politiken;Analyse af det kommende valg til det hollandske parlament, der foregår i skyggen af Tjernobyl. Mange borgerlige stemmer, som ønsker at protestere mod regeringens positive linje over for atomkraft og opstillingen af de amerikanske atomraketter, værgrer sig ved at gå helt over til arbejderpartiet, PvdA, der er under ledelse af Joob den Uyl - og det lille D 66 er en bekvem mellemting. Valget er så åbent som det kan være
21-05-1986;Bornholm som godt eksempel;Politiken;Professor Niels I. Meyer vurderer konsekvenserne af Tjernobyl ulykken
21-05-1986;Tjernobyl var A-våben fabrik;Ekstra Bladet;Norske videnskabsmænd hævder at det katastroferamte atomkraftværk i Tjernobyl var producent af verdens farligste giftstof plutonium, og at der i katastrofe øjeblikket var oplagret op mod 500 kg af giftstoffet. Plutonium bruges til fremstilling af atomvåben. Både danske og svenske målinger har afsløret meget små mængder af plutonium, men ikke i et omfang, der er alarmerende, siger Miljøstyrelsen.
22-05-1986;Snigende atomdød truer nu Tjernobyl;Ekstra Bladet;Vesttyske stråleeksperter kommer med nye alarmerende tal for ofre for ulykken på Tjernobylværket. Forudsiger flere hundrede dødsfald i de kommende uger og 10.000 alvorligt syge af det radioaktive udslip. Det var 10 millioner gange større, end det udslip der kom ved ulykken på Tremileøen ved Harrisburg i USA .Den amerikanske læge Robert Gale er vendt hjem fra Moskva til Los Angeles, hvor han på baggrund af indsamlet information har sagt, at mellem 50.000 og 100.000 mennekser vil blive berørt af katastrofens langtidseffekter.
22-05-1986;Fik tre års stråler på få minutter;Ekstra Bladet;Fem arbejdere på den franske atomfabrik La Hague i Bretagne var forleden ude for et uheld, der gav dem betydelige radioaktive stråledoser. Uheldet blev holdt hemmeligt i et døgn, før det lykkedes den franske afdeling af Greenpeace at afsløre det. Det franske magasin 'Den lænkede And' har netop afsløret, at Frankrig for to år siden var meget tæt på en Tjernobyl katastrofe på atomkraftværket i Bugey.
23-05-1986;Barsebæck er ikke Tjernobyl;Ekstra Bladet;Debatindlæg af lektor Uffe Korsbech om sikkerheden på atomkraftværker. Fortæller at man efter hans mening har en næsten 100 procents sikkerhed mod sundhedsfarlige udslip fra Barsebæck, selv efter meget store ulykker. - Der synes kun at være meget få danskere, der har opdaget at atomkraftværket har koblet et nyt grusfilter Filtra til værket sidste år, som gør det til verdens sikreste atomkraftværk.
23-05-1986;Atomlægen svarer igen;Ekstra Bladet;Vi kræver Barsebæck lukket nu
28-05-1986;Læren fra Tjernobyl;Ekstra Bladet;Debatindlæg af MF Lone Dybkjær, RV. - Tjernobyl ulykken lærte os, at atomkraft er grænseoverskridende. Derfor er Barsebæck ikke kun et svensk anliggende. Det må lukkes, også trods forsikringer om ringe sandsynlighed for katastrofe. Danmark kan ikke nøjes med sandsynligheder - vi må have garantier.
30-05-1986;Storken er kommet til Kiev.;Ingeniøren;Kurt Sørensen skriver om sovjetborgernes og den sovjetiske presses syn på atomulykken i Tjernobyl.Alle er enige om, at ulykken kræver selvransagelse, men samtidigt er man vrede over reaktionerne i Vesten.
01-06-1986;Historien om Tjernobyl;Politiken;Leif Lønsmann baggrundsartikel om hvordan de sovjetiske medier var langsomme - men nøjagtige i beskrivelsen af Tjernobyl. Dag for dag gennemgås de sovjetiske mediers formidling af nyheder. Kilder er APN Novosti, TASS, Pravda, Izvestia, Komsomolskaja Pravda, Pravda Ukraina, ukrainsk og sovjetisk TV, Radio Moskva og Radio Kiev.
02-06-1986;Nej til A-kraft...;Ekstra Bladet;Danskerne siger nej tak til atomkraft. Det viser en Observa undersøgelse foretaget tre uger efter atomkraftulykken i Tjernobyl i Sovjet. Ifølge undersøgelsen ville otte ud af hver tiende dansker stemme nej til oprettelse af atomkraftværker i Danmark, hvis der i dag blev afholdt en folkeafstemning om atomkraft. I undersøgelsen blev 1260 personer på 18 år og derover spurgt. Siden Observa foretog de første meningsmålinger om dette spørgsmål i 1975, har tilslutningen til A-kraft været faldende. I den seneste undersøgelse svarer 78 procent nej tak til atomkraft.
04-06-1986;Større risiko for katastrofe på Barsebæck.;Ekstra Bladet;Vi kræver Barsebæck lukket nu. - Amerikansk rapport, lavet til det svenske Industriministerium i 1978, afslørede, at risikoen for en kernenedsmeltning på Barsebæck er betydelig større end hidtil antaget. Rapporten har i mange år ligget gemt i ministeriet. Også en dansk rapport, som professor Arne Jensen fra Danmarks Tekniske Højskole, lavede til den såkaldte Barsebæckkomite i 1984, hævder, at risikoen for en kernenedsmeltning på Barsebæck er større end hidtil antaget. Den tidligere leder af det svenske Statens Kærnkraftinspektion, Lars Nordstrøm, underbygger i udtalelser til det svenske dagblad Arbetet både den amerikanske og den danske kritik. Tordnende dansk nej til Atomkraft I en ny meningsmåling, som AIM har lavet for Danmarks Radio kort efter katastrofen på Tjernobyl kraftværket, siger 84 procent af befolkningen nej til atomkraft, hvis det kom til en folkeafstemning. Københavns overborgemster Egon Weidekamp opfordrede i går i Øresundsrådet de svenske medlemmer af rådet til at arbejde aktivt for en lukning af Barsebæck snarest mulige. Svenskerne reagerede ikke umiddelbart på opfordringen. (20 spcm).
04-06-1986;Indtryk fra Polen;Politiken;Professor Elias Bredsdorff kom til Polen to døgn efter Tjernobyl katastrofen. Han oplevede et desillusioneret land, hvor man kan se falske pengesedler på 30 sølvpenge med et billede af Jarulzelski, hvor en enhver uafhængig bevægelse er forbudt, og hvor en kirkegård er det eneste fristed.
04-06-1986;Kræver stop for nye reaktorer.;Ekstra Bladet;Det socialdemokratiske folketingsmedlem Hans Hækkerup kræver nu, at miljøminister Chr. Christensen retter henvendelse til den vesttyske regering med krav om, at atomkraftværket i Brokdorf ikke sættes i gang som planlagt den 13. juni. - Brokdorf ligger kun godt 100 km fra den danske grænse. Hans Hækkerup ønsker også, at ministeren skal rette henvendelse til Sverige, DDR og Vesttyskland om, at der ikke sættes nye reaktorer i gang, før Folketinget har haft lejlighed til at drøfte en redegørelse om sikkerheden ved de nærmest liggende atomkraftværker i de tre lande. Iøvrigt arbejder Chr. Christensen på at få varslingsaftaler med syv europæiske lande, og det har foreløbig resulteret i en positiv reaktion fra Belgien. Den danske regering er langt fra tilfreds med varslingssystemerne fra det internationale atomenergiagentur i Wien. I forbindelse med katastrofen i Tjernobyl fungerede energiangenturet yderst dårligt
05-06-1986;25 døde efter Tjernobyl.;Ekstra Bladet;Antallet af omkomne efter katastrofen i Tjernobyl er nu steget til 25, oplyser de sovjetiske sundhedsmyndigheder. 200 er indlagt med strålesyge. I går blev endnu en meget stor zone udenfor 30 km zonen omkring Tjernobyl erklæret radioaktiv. Tusinder er blevet evakueret fra området.
06-06-1986;Frygt for sabotage mod Barsebæck.;Ekstra Bladet;Mistanke om sabotage mod reaktor nummer 2 på Barsebæck udsætter igangsættelsen efter eftersyn. Et fem cm. langt stykke porcelæn røg ned i reaktortanken netop som man var klar til at starte reaktoren igen. Driftsingeniør Kenneth Zander siger, at et porcelænsstykke i værste fald vil kunne anrette skade på uranstavene midt i reaktorkernen. Mener ikke det indebærer nogen sikkerhedsrisiko. Under eftersynet har man både udskiftet brændselselementerne og nødkølesystemet. Op i Høet Minister. Demonstration foran bygningen med statsminister Ingvar Carlssons kontor i Stockholm i går. Vrede bønder fra Nordsverige havde anbragt en stor bunke rådnende hø, rabarber og dild foran indgangen i protest mod atomkraften i almindelighed og de svenske sundhedsmyndigheders ringe informationsniveau efter ulykken på Tjernobyl Atomkraftværk. I området, hvor bønderne kommer fra, er der bl.a. målt cæcium koncentrationer op til 20 gange over de accepterede grænseværdier. (20 spcm). Show-nummer side 11 - Rigshospitalets direktør Niels Hammer Jespersen har to gange inden for den sidste måned indkaldt pressen til demonstrationer af hospitalets beredskab ved en eventuel ulykke på Barsebæck. Hver gang har personalet optrådt i rumdragtlignende gevandter og gasmasker. Ekstrabladet kan afsløre, at det er det rene fup. En amerikansk rapport lavet på baggrund af uheldet på Three Mile Island atomkraftværket fortæller klart, at Rigshospitalets beredskabsplan er utilstrækkelig og forkert organiseret. (Af Lars Normann - 30 spcm).
08-06-1986;Europas A kraft tømmermænd;Politiken;Ulykken på det sovjetiske atomkraftværk Tjernobyl har fået debatten for og imod A kraft til at blusse op i en række europæiske lande. Meningmålingerne i flere lande viser, at antallet af modstandere er voksende. Samtidig er politikerne kommet under pres. Politikens korrespondenter har taget pulsen i en række vesteuropæiske lande og i USA
09-06-1986;Barsebæck stop mod betaling;Politiken;Lektor B Lohmann Andersen kommenterer ulykken på det sovjetiske atomkraftværk Tjernobyl og de forklaringer, der har fremme i pressen. Han foreslår, at vi betaler svenskerne for at lukke Barsebæck
09-06-1986;Det var krig;Ekstra Bladet;Per Panduro om politiets brutale optræden under demonstrationen ved Brokdorf atomkraftværk. Provokeret af kaoterne, de professionelle ballademagere, der altid møder op parat til at slås med politiet, rykkede 10.000 politifolk og grænsegendarmer frem imod de 40.000 demonstranter, som det var lykkedes overhovedet at nå frem til kraftværket. Den fredelige demonstration mod atomkraft blev knust med tåregas, vandkanoner, knipler og kamp helikoptere. Da politiledelsen i forgårs aftes sammen med den slesvig holstenske indenrigsminister gjorde status over dagen, var der tilfredshed med indsatsen. 150 mennesker blev anholdt, politiet havde 30 på skadelisten. Hvor mange demonstranter, der har været under lægebehandling, er der ikke tal på, men det må dreje sig om flere hundrede. Og i overmorgen kan atomkraftværk Brokdorf tages i brug. Sikken en sejr efter Tjernobyl ulykken.
10-06-1986;Mere atomkontrol;Politiken;Den kommende uge skal vise, om verdens regeringer er rede til i fællesskab at tage konkrete konsekvenser af ulykken på det sovjetiske atomkraftværk Tjernobyl. I denne uge i Wien samles de 35 ledende stater i forretningsudvalget for Det internationale Atom Energi Agentur (IAEA).
10-06-1986;Flygter fra film på Krim.;Ekstra Bladet;Det største og mest ambitiøse filmsamarbejde mellem Skandinavien og Sovjet, optagelserne af Astrid Lindgrens bog 'Mio min Mio', er berørt af ulykken i Tjernobyl. En del af optagelserne er henlagt til Krim, og det fik den svenske skuespiller Ewa Frøling til at rejse hjem, da hun var bange for strålingsfaren. Russerne truer nu med retssag. Musikken til filmen er lavet af Benny Andersson.
12-06-1986;Luk Barsebæck - kræver Sveriges statsminister kandidat;Ekstra Bladet;Det borgerlige Sveriges bud på en statsminister Folkpartiets leder Bengt Westerberg foretog i går et overraskende holdningsskift i debatten om de svenske atomkraftværker. Mener nu, at man bør lukke Barsebæckværket først og hurtigere end planlagt. Det skal ske af hensyn til beliggenheden nær København og til den danske folkeopinion, siger Westerberg. Gå med ved kæmpedemonstration mod Barsebæck i overmorgen. Det svenske miljøparti De Grønne arrangerer lørdag demonstration ved Barsebæck atomkraftværk. Samtale med partiets talsmand Birger Schlaug, der besøgte Ekstrabladet i går. - Svensk LO og dets formand Stig Malm er tilhængere af kernekraft, siger Schlaug, og fortæller, at statsminister Ingvar Carlsson forleden udtalte, at der kræves endnu en ulykke - den tredje efter Three Mile Island i Harrisburg og Tjernobyl i Ukraine, for at Sverige skal revidere sit atomkraftprogram. Demonstrationen mod Barsebædk begynder klokken 13 den 14. juni. Værket ventes at blive belejret både fra land og fra søsiden. Hundredevis af både vil ankre op i protest mod dette enorme alter for den blinde tro på teknikkens ufejlbarlighed. (40 spcm). Adgang forbudt Pressen må ikke overvære miljøminister Chr.Christensen og energiminister Svend Erik Hovmands besøg på Barsebæck på mandag den 16.ds. - Værket er nu i gang med normal drift igen, efter at man har fjernet den lille porcelænsdel, der var faldet ned i en reaktor. (10 spcm)
14-06-1986;Vi er bange..;Ekstra Bladet;"Samtale med tre kvinder fra Svendborg, som har dannet 'De aktive tanters klub' - en aktionsgruppe mod truslen fra atomkraftværkerne. Har presset borgmester Holger Rasmussen til at kræve et varslingssystem og en beredskabsplan for kommunens område. Tanteklubben udsprang af et samarbejde om indsamling af underskrifter på Ekstrabladets krav om lukning af Barsebæck. Amos Bendix, mor til tre små børn, siger; 'Jeg plejer ellers kun at købe Ekstrabladet en gang imellem, men siden ulykken i Tjernobyl har jeg købt bladet hver eneste dag, fordi Ekstrabladet er det eneste, jeg har turdet stole på i denne situation. Jeg har ikke ladet mig berolige af TV og Radioavisens pædagogiske snakken ned til folk'."
17-06-1986;Nok se - ikke røre Barsebæck;Politiken;Det var 'nok se men ikke røre' Barsebæck, da de to danske ministre, Chr Christensen og Svend Erik Hovmand, i går som de første nogensinde besøgte det omstridte atomkraftværk. I flere timer blev de vist rundt på værket, men den svenske energiminister Birgitta Dahl kunne kun love sine danske kolleger, at den danske regering vil få lejlighed til at redegøre for sine synspunkter i sagen senest til jul, når den svenske undersøgelseskommission, Energirådet, har afgivet sin betænkning. Energirådet har efter Tjernobyl katastrofen fået til opgave at udrede de økonomiske og miljømæssige konsekvenser af en hurtigere nedlæggelse af de svenske akraftværker. Under besøget gentog Chr Christensen folketingsflertallets beslutning om at kræve Barsebæck lukket omgående. Se også artiklen side 4 'Barsebæck bliver hvor det er'.
20-06-1986;Turister skal undgå at komme inden for Ringe risiko for radioaktiv ferie.;Ekstra Bladet;"Turister skal undgå at komme inden for en radius af 500 km fra Tjernobyl Atomkraftværk ved Kiev i Sovjetunionen. Stråleeksperten Kaare Ulbak, Statens Institut for Strålehygiejne, siger at man skal følge de lokale myndigheders eventuelle restriktioner i forbindelse med radioaktivt nedfald. Man kan ringe til de respektive ambassader. I Miljøstyrelsen siger konsulent H.P. Ryder; 'Jeg har kun eet råd til folk, der er bekymrede - hvis ens bekymring er sådan, at man egentlig helst ville lade være med at tage af sted, bør man blive hjemme'. Tegning - kort over områder, hvor man skal undgå at holde ferie"
20-06-1986;Det ved vi nu om Tjernobyl.;Ingeniøren;Lektor Uffe Korsbech, DTH, skriver om de fakta man har om atomkraftværket i Tjernobyl og havariet, der skete den 28. april.Hvor fakta mangler, skriver Korsbech om de hypoteser, der synes at være realistiske.Blandt andet ved man, at reaktorbygningen faldt sammen ved en brinteksplosion, fordi der ikke var en egentlig indeslutning af reaktoren.
24-06-1986;Sovjet fejer Tjernobyl op;Politiken;Regeringsorganet i Sovjetunionen skrev forleden en artikel om, hvordan livet for de 7000 indbyggere i det lille samfund Bragin former sig nu snart to månener efter atomulykken i Tjernobyl. Reportagen afslører indirekte ulykkens virkelige dimensioner og dens følger på længere sigt for de mennesker, som ikke lever i den umiddelbare katastrofezone.
24-06-1986;Jeg er bange for atomkraft.;Ekstra Bladet;"Om interview i Svensk TV forleden med dronning Silvia, der blev spurgt, om hun mente at Barsebæck burde lukkes. Dronningen mente, at hun vidste for lidt om problemet til at hun turde udtale sig, men at hun er bange for atomkraften efter ulykken på Tjernobyl kraftværket. Direktøren for det svenske strålebeskyttelsesinstitut Gunnar Bengtsson har øjeblikkeligt sendt en invitation til dronningen til et besøg på instituttet. Svensk Atomaffald skal bruges til kernevåben. Den svenske stat har indgået en højst bemærkelsesværdig handel med Vesttyskland; - Den ene del af handelen går ud på at Sverige fra BRD importerer 23,6 tons højradioaktivt atomaffald og den anden del er, at Sverige eksporterer 57 tons A-affald til Vesttyskland. De 57 tons ligger i øjeblikket på lager på den franske oparbejdningsfabrik 'La Hague'. Sverige unddrager sig al kontrol med disse 57 tons affald, de næsten uden videre kan bruges i kernevåben industrien. Det affald, som importeres til Sverige skal lagres ved Oskarshamn og transporteres til Sverige pr. skib, formentlig med atomskibet Sigyn, som uundgåeligt må sejle gennem danske farvande fra Frankrig til Sverige. (30 spcm)."
24-06-1986;Ideer skal til revision;Politiken;Tjernobyl, Sydafrika og det delte Tyskland var blandt hovedemnerne, da ca 400 forfattere og andre skribenter fra hele verden i går begyndte at udveksle meninger på PENs 49 internationale kongres i Hamburg
27-06-1986;Sverige DDR;Politiken;"Kommenterer DDR stats og partichef Erich Honeckers besøg i Stockholm. Som optakt til besøget har Dagens Nyheter interviewet Honecker i Østberlin. Her fremkom han med nogle bemærkelsesværdige udtalelser om atomkraft på baggrund af ulykken i Tjernobyl. Han fremhævede, at DDR kun dækker tre pct af sit energibehov ved atomkraft, og han sagde; 'Vi er lykkelige over, at vi har satset på brunkul som den vigtigste energikilde'. Det er helt ny tone, og Politiken tror, at der er et usædvanligt liv i DDRs græsrødder i dette spørgsmål."
30-06-1986;Kun 20 pct vil have A-kraft.;Ekstra Bladet;Ifølge Gallup ville 80 procent sige nej ved folkeafstemning. Den hidtil mest massive modstand mod kernekraft i Danmark er konstateret ved den seneste Gallup undersøgelse, som offentliggøres i Berlingske Tidende i dag. 80 pct. - eller otte ud af ti - ville sige nej til atomkraft, hvis der kom en folkeafstemning nu. Energiminister Svend Erik Hovmand, (V), siger i en kommentar til undersøgelsen, at den øgede modstand og frygt ikke kommer bag på ham efter Tjernobyl ulykken og 'den katastrofale mangel på information fra det sovjetiske styre'.
30-06-1986;Flygtede fra Tjernobyl til nyt atomværk.;Ekstra Bladet;Poul Hansen i Sovjet..Om møde med Tatjana Bolousova, fhv. elektromekaniker på atomkraftværket Tjernobyl, og ingeniør Svetlana Tjuprina, der også var ansat på det ulykkesramte kraftværk. De har hver to sønner og bor nu i Novovoronesj 600 km. syd for Moskva, hvor de har fået bolig og arbejde på byens atomkraftværk. Fortæller om evakueringen efter ulykken og er enige om, at det var en fuldstændig usandsynlig ulykke, som de ikke tror vil indtræffe igen i Sovjetunionen. Begge kvinderne er gift med mænd, der også arbejdede på kraftværket, og Svetlanas ægtemand er tilbage i Tjernobyl, hvor han er driftschef.
01-07-1986;Tjernobyl katastrofen kan ske i Barsebæck.;Ekstra Bladet;Poul Hansen i Sovjet..Om besøg på atomkraftværket i Novovoronesj, hvor direktør Valentin Zveriev viste rundt. Ingen reaktorindeslutning kan holde til en eksplosion som den, der skete i Tjernobyl kraftværket, siger direktøren. Mener ikke Sovjetunionen kan klare sig uden atomkraft endnu
01-07-1986;Nu bliver jeg bragt til tavshed.;Ekstra Bladet;Samtale med overlæge Troels Munkner, der siger sandheden om Rigshospitalets sløsede atomberedskab. Henviser til sygehusledelsen i Malmø, som har udarbejdet en seks sider lang instruks om behandling af patienter med stråleskader, og som yderligere har udarbejdet pjecer, der retter sig til forskellige udsatte befolkningsgrupper, der kan forvente at blive inddraget i redningsarbejdet efter et radioaktivt udslip. Verden er ikke den samme efter Tjernobyl, og det må nu være på tide at konstatere, at den generelle beredskabsplan for Københavnsområdet for et radioaktivt uheld ikke er tilstrækkelig. Overlægen afventer med sindsro den tjenstlige undersøgelse, der starter til efteråret.
04-07-1986;Hun rocker ved jerntæppet.;Ekstra Bladet;Poul Hansen i Sovjet efter Tjernobyl. Samtale med den sovjetiske rockstjerne Alla Pugatjova, der arrangerede den store støttekoncert til fordel for ofrene for atomulykken i Tjernobyl, der fandt sted på Moskvas olympiske Center. Alla håber at samle 150 til 200 millioner kroner gennem støttekoncerter. Pengene skal gå til forskning omkring stråleskader, til forskning som kan forbedre sikkerheden omkring atomkraften og til grupper, som modarbejder atomkraft og atomvåben. Tre brag på Tjernobyl Aage Snitkjær om hemmelig vesttysk rapport om ulykken på Tjernobyl atomkraftværk. Tre eksplosioner og 13 øjeblikkeligt døde hævdes i rapporten. (30 spcm).
06-07-1986;Rock fra verdens ende.;Politiken;"Interview med den australske rockgruppe INXS (læs: In Excess), der af nogle betragtes som verdens bedste live band i øjeblikket. De aflyste deres koncert i København i juni på grund af Tjernobyl ulykken ('Australien er atomfri zone'); Roskilde festivalen fik dem tilbudt, men sagde nej tak. Selv tror de på, at sex er grundlaget i rock."
07-07-1986;Barsebæck blokeret i morges.;Ekstra Bladet;Danske og svenske atomkraftmodstandere blokerede klokken seks i morges hovedindgangen til Barsebæck atomkraftværk. Ved redaktionens slutning var det ikke klart, om politiet har grebet ind, eller om demonstranterne måske har forladt området frivilligt. Beredskabet er et flop. På seminar i Skåne med deltagelse af svenske og danske akraft modstandere blev det oplyst, at de svenske myndigheder ikke kan stille noget op med en ulykke på Barsebæck, der udvikler sig fra det ene øjeblik til det andet, som ulykkerne på Tremileøen i USA og Tjernobyl i Sovjetunionen. De danske HT chaufførers tillidsmand oplyste, at chaufførerne ikke agter at deltage i nogen form for beredskab eller evakuering, fordi beredskabsplanen efter deres mening ikke giver nogen form for sikkerhed. Den samme holdning har de københavnske sygehjælpere
07-07-1986;Her hviler heltene fra Tjernobyl.;Ekstra Bladet;Poul Hansen i Sovjet - om besøg på heltekirkegård i Moskva, hvor 23 ens hvide marmorplader viser, hvor de døde fra ulykken på Tjernobyl atomkraftværket hviler. Om fremhævelsen af de døde som helte - i pressen - og som led i opdragelsen af sovjetmennesket.
08-07-1986;Barsebæck ansatte angreb aktivister.;Ekstra Bladet;Om blokaden af Barsebæck atomkraftværk i går morges. De ansatte lagde op til voldelig konfrontation ved at køre ind i demonstranternes rækker med deres biler, da de mødte på arbejde. Politiet fra Lund kom med en styrke der var større end de demonstrerende, men foretog sig intet ud over at iagttage blokaden. Der blev åbnet en anden indgang til værket, og medarbejderne kom den vej ind. Klokken lidt over 10 erklærede demonstranterne blokaden for vellykket, opløste den og kørte fra stedet i bus. Den danske organisation OOA udtrykker fuld forståelse for demonstrationen og opfordrer alle til på eget initiativ og eget ansvar at deltage i kommende blokader. OOA vil dog ikke støtte blokader, der udvikler sig voldeligt. Han kan skrotte Sveriges A-kraft. Om Lars Nordstrøm, tidligere chef for den svenske Statens Kærnkraftinspektion, institutionen, som gennemgår og godkender projekteringen af og sikkerhedsforholdene ved svenske atomkraftværker. Da Nordstrøm blev pensioneret i 1983 svor han på, at han aldrig ville udtale sig om atomkraftværker mere, men ulykken på det sovjetiske Tjernobyl atomkraftværk ændrede hans indstilling. Siden har han om Barsebæck sagt, at nødkølesystemet nårsomhelst kan forårsage en katastrofe, og om Ringhals ved Gøteborg, at i hvert fald to af reaktorerne ikke vil kunne klare driften indtil 2010, hvor svensk atomkraft officielt skal afvikles. (40 spcm).
20-07-1986;Brokdorf katastrofen: Anklageren har ordet.;Politiken;Af forfatteren Jørgen Knudsen. Efter Tjernobyl kan ingen regering og ingen eksperter bagatellisere risikoen ved a-kraft. Kronikøren forestiller sig, hvad anklageren vil procedere på, når regningen efter en katastrofe på Brokdorf værket skal gøres op ved den internationale domstol i Haag
21-07-1986;Ansatte skyld i atomulykke.;Ekstra Bladet;Om rapport om ulykken på Tjernobylværket fra det sovjetiske politbureau, som blev offentliggjort i partiavisen Pravda i går. Heri oplyses at nogle ansatte på Tjernobyl Atomkraftværk begyndte at eksperimentere med en turbugenerator efter at reaktor nummer fire på værket var blevet stoppet for reparation. Eksperimenterne ledte til, at temperaturen steg i reaktorkærnen og til den totale katastrofe. 1000 kvadratkilometer jord omkring værket er stærkt forurenet, og myndighederne oplyser, at ulykken har kostet den sovjetiske stat 24 milliarder kroner. De totale omkostninger vil dog blive langt større. Antallet af døde efter ulykken er nu steget til 28, mens mere end 200 stadig kæmper med strålesygen på Moskvas hospitaler. - Seks specialister og ledere fra kraftværket har fået deres afsked og kan forvente at blive stillet for retten. Energiministeren slap med en advarsel, fordi han havde haft posten mindre end et år. Atom raften får nu sit eget ministerium, herved håber man at kunne forbedre sikkerheden på de i alt over 40 reaktorer som er i gang i Sovjetunionen.
22-07-1986;Tjernobyl - A-kraftens endeligt;Ekstra Bladet;"Folketingsmedlem Hans Hækkerup, SD, anmelder bog om ulykken på det sovjetiske atomkraftværk Tjernobyl. 'Gør op med myten om at ulykken blot skyldtes det sovjetiske system', skriver Hækkerup. (Nigel Hawkes, Geoffrey Lean, David Leigh, Robin McKie, Peter Pringle og Andrew Wilson; 'The Worst Accident in the World. Chernobyl - The End of the Nuclear Dream'. Pan Books Ltd. & William Heinemann Ltd. Great Britain 1986. - 246 d.kr.) Bogen er skrevet af fem journalister på The Observer."
26-07-1986;Blev taget på sengen.;Ekstra Bladet;Om rapport til miljøminister Chr. Christensen fra Risø og Statens Institut for Strålehygiejne om målingerne af radioaktivitet i de første fire uger efter atomulykken på Tjernobyl Atomkraftværk. Viser at det danske atomberedskab blev taget på sengen - Risø og Miljøstyrelsen blev først klar over, hvor den radioaktive stråling stammede fra, gennem nyhedsmedierne. Også i Sverige var forvirringen stor. Den danske miljøstyrelse har kun een beredskabsplan, og den handler udelukkende om udslip fra Barsebæck. Rapporten bliver nu givet videre til Folketingets miljøudvalg, og til efteråret skal miljøministeren give en redegørelse til tinget om, hvordan det danske beredskab fungerede.
28-07-1986;Giganternes møde;Politiken;Om giganternes møde, revanchekampen om MV i skak mellem den 23 årige Garri Kasparov og hans 35 årige landsmand Anatolij Karpov, som i dag indledes i London. Da Kasparov i efteråret fratog Karpov titlen efter to matcher, oplevede man såvel skakhistoriens største dramatik som det bedste spil. Anatolij Karpov siger til Hærens dagblad 'Røde Stjerne' (POL 25.7.86 1.sektion side 4), at præmiepengene fra returmatchen vil gå til fonden for Tjernobyl ofrene.
29-07-1986;Panik ombord;Ekstra Bladet;Dr.phil. Per Gahrton, sekretær for De Grønne i Europa, fortæller om en særpræget rundvisning på Barsebæck atomkraftværk, som han var med på sammen med en gruppe af De Grønne i Sverige, kernekraftteknikere, erhvervsfolk og andre atomkraft tro gæster. Blandt medarbejderne på Barsebæck syder vreden mod massemedierne, og den 'neutrale' guide under turen advarede om, t han godt kunne blive hidsig, hvis nogen forsøgte at lokke ham fra hans objektive fakta fremstilling. Siden Tjernobyl katastrofen kar kernekraftfolket mobiliseret korpsånden mod 'fjenderne' - pressen og atomkraft modstanderne - for at kæmpe mod den uundgåelige lukning.
01-08-1986;Miljøstyrelsen ser på indeslutninger.;Ingeniøren;Overingeniør Poul K.G.Emmersen, Miljøstyrelsen, kommenterer to indlæg i Ingeniøren af 11. juli, af hhv Per Gundersen og Uffe Korsbech, der er uenige om hvorvidt atomkraftanlægget ved Tjernobyl havde indeslutning eller ej. Emmersen skriver at begrebet reaktorindeslutning ikke er et entydigt begreb, selv om man generelt kan sige, at en reaktorindeslutning er en bygning, der omslutter et reaktoranlæg for at forhindre, at radioaktive stoffer fra anlægget skal slippe ud til omgivelserne.Efter denne generelle definition er der næppe noget atomkraftanlæg i verden, der ikke har en eller anden form for indeslutning. Emmersen skriver, at Miljøministeren fr nylig har anmodet miljøstyrelsen om en redegørelse om sikkerhedsforholdene på svenske og tyske atomkraftanlæg, der ligger i nærheden af dansk område.I denne forbindelse vil styrelsen bl.a. se på indeslutningen, men vel at mærke ikke uden samtidig at se på reaktoren.Tingene hænger sammen.
01-08-1986;Verden efter Tjernobyl.;Ingeniøren;Torkil Morsing anmelder bogen 'Vaerlden efter Tjernobyl', skrevet af journalist Eric Sjøquist, Expressen, og direktør Thomas Eckered, Rådet for Kaernkraftssaekerhet, i Sverige. Bogen er kommet på Timbro Forlag. Bogen er et forsøg på at forklare hvad katastrofen betyder for svenskerne, og hvilke øgede risici der er opstået, med hensyn til at dø af kræft.Det øgede antal er næsten umåleligt, da omkring 25 pct af befolkning i forvejen er 'dømt' til at dø af en eller anden form for kræft.
02-08-1986;Vi bliver ved til Barsebæck bliver nedlagt.;Ekstra Bladet;Svenske og danske atomkraft modstandere blokerede tidligt i går morges for anden gang inden for en måned Barsebæck. Atomkritiker i forhør Sagen mod den fyringstruede atomkritiker overlæge Troels Munkner, Righshospitalet, starter i slutningen af denne måned. Forhørsleder bliver byretsdommer Arne Lyngesen. (Lars Normann - 20 spcm) Nu skal de rokke sig Rock mod Barsebæck afvikles i denne weekend på Rådhuspladsen i København. Samtale med bagmændene reklamechef Niels Colov og koncertarrangør Chris Friis. Københavns kulturborgmester Tom Ahlberg er med som konferencier, og den konservative folketingsmand Kent Kirk og sømandsformand Preben Møller Hansen er blandt talerne. (20 spcm - Lars Ahlmark) Intet land kan klare en atomkatastrofe. Om udtalelser af amerikanske nuklearmedicinere, der har besøgt Tjernobyl Atomkraftværk. Mener at de sovjetiske læger var både kompetente og dygtige, men de manglede i høj grad moderne hjælpemidler. De amerikanske læger retter skarp kritik mod det sovjetiske civilberedskab, der tøvede mere end 36 timer før der blev taget beslutning om evakuering af folk i området omkring værket. (Aage Snitkjær - 10 spcm)
10-08-1986;Sommeren 86.;Politiken;Digt af Niels Barfoed, hvor sidste strofe lyder: Jer er et hus i Tjernobyl - og jeg bliver hvor jeg er - så de kan finde mig igen.
11-08-1986;Kun 5000 gik til Barsebæck.;Ekstra Bladet;Kun omkring 5000, heraf 1000 danskere, deltog i lørdags i Barsebæckmarchen, der var den tiende i rækken. På baggrund af Tjernobyl havde man ventet at langt flere ville deltage. Hovedtalerne var den svenske forfatter, Per Kågesson og kulturborgmester Tom Ahlberg
18-08-1986;Carlsson rystet.;Ekstra Bladet;På et møde i Stockholm i går sagde den svenske statsminister Ingvar Carlsson, at atomkraften er en af de største trusler mod miljøet, og at katastrofen i Tjernobyl har styrket Sveriges overbevisning om, at landets 12 atomreaktorer skal nedlægges. Han gav dog ikke noget tidspunkt for nedlæggelsen, og han nævnede heller ikke hvilket atomkraftværk, han mente skulle lukkes først. Katastrofen i Tjernobyl anslås at komme til at koste det svenske samfund over en milliard kroner i form af skader på bl.a. rensdyr
18-08-1986;Sveriges leder: Væk med akraft;Politiken;Sveriges Statsminister Ingvar Carlsson rettede på et socialdemokratisk møde i Stockholm i går et skaprt angreb på brugen af atomkraft, iden han henviste til de konsekvenser, som Tjernobyl ulykken har fået for den svenske befolkning. 'Atomkraft er en af de største trusler mod miljøet, Tjernobyl har spredt radioaktivt jod og cæsium over vore marker, skove, moser og søer, kreaturer har måttet holdes indendøre, og rensdyrkød fra visse områder kan ikke bruges', sagde Carlsson, og han tilføjede at ulykken har styrket Sveriges overbevisning om, at landets atomkraftværker skal nedlægges. Den svenske regering anslår, at ulykken har kostet landet 1 MIA sv kr, og tusinder af rener har måttet aflives.
22-08-1986;Atom kirkegården.;Ekstra Bladet;I går kom den officielle forklaring på katastrofen på Tjernobyl værket, ved en pressekonference i Moskva forklarede sovjetiske embedsmænd, at ulykken skyldtes menneskelige fejl. Lederen af Sovjets Komite for Atomsikkerhed, Andronik Petrosjant, sagde, at der var tale om grove brud på de regulativer, der styrer et atomkraftværk. Den værste fejltagelse var en ekstraordinær lukning af nødkøle systemet på Tjernobyl værkets 4. reaktor, det skete under en afprøvning, der skulle viser, hvor længe kraftforsyningen kunne opretholdes efter omlægning til en turbogenerator. Journalister fra The Observer har skrevet om Tjernobyl ulykken i bogen 'Verdens værste ulykke', uddrag fra bogen
22-08-1986;Reaktionen på en katastrofe;Ingeniøren;"I Danmark eksisterer den dag i dag et selskab for atomenergiens industrielle udnyttelse. Det hedder Danatom og blev oprettet under Akademiet for de Tekniske Videnskaber i 1956. I den samling 1985 årsberetninger ATV udsendte i begyndelsen af juli, vurderer selskabet atomenergiens fremtid således: 'Folkeopinionen er tilsyneladende ved at vende. En meningsmåling i Sverige resulterede i 45 pct. for og 37 pct. imod. Sidste år var det i Schweiz man oplevede en tilsvarende vending. Tendensen ude omkring os tegner således lovende for anvendelse af kernekraft.' Man må vel næsten gå ud fra, at teksten er blevet til før katastrofen i Tjernobyl. For meget forståeligt skete der her et nyt og brat omslag i folkestemningen. Landsforeningen Reel Energioplysning skrev fornylig: 'Vi bliver nødt til at se det i øjnene: Vi bliver ikke troet - og vi har ikke krav på at blive troet! Dertil er logikken tilsyneladende alt for solid: Først fik vi at vide, at der ikke kan ske noget. Så blev det klart, at der er sket noget både i Tyskland, England og Frankrig, og så kom det kæmpedrøn i Tjernobyl, som slet ikke skulle kunne ske. Vi tror ikke mere på jer. Sådan siger og tænker mange.' Og det skal der jo nok være noget om. Det hjælper ikke REO ret meget at fortælle om hvor sikker Barsebæck er. At a-kraftværket har en reaktorindeslutning. At der også er et filter, der kan optage udslip. At man ikke anvender det brændbare grafit. At svensk sikkerhedsfilosofi i det hele taget er anderledes end russisk o.s.v. 'Myndighedernes løgne er livsfarlige', 'Vi dør alle af kræft', 'Barsebæck revnet', - ja, sådan så nogle af avisernes mere makabre overskrifter ud. Og i Søndags Politiken fik forfatteren Jørgen Knudsen en fremtidig a-kraft ulykke til at ligne konsekvenserne af indtil flere a-bombe sprængninger. På ny fik vi repeteret dogmerne om hvor lidt vi kan stole på eksperterne, og også hvor utroværdige de offentlige myndigheder er. Jo vist - en sund naturlig skepsis bør vi være i besiddelse af. Men hvad er alternativet, hvis vi på forhånd generelt fastslår, at folk med viden bør man stole mindre på end folk uden viden? Store katastrofer får stor opmærksomhed i
medierne. Det kan ikke være anderledes. Sådan gik det f.eks. med Tremile-øen,
Seveso og Bhopal. Men først længe efter katastrofetidspunktet finder man ud af hvad
der egentlig skete, og hvad der blev de fulde konsekvenser. På grund af manglende
viden kan langtidsskader blive såvel undervurderet som overvurderet. 10 år efter
katastrofen i Seveso med dioxin - 'den farligste gift i verden' - er den eneste påviselige
menneskeskade: 15 personer med ar efter kraftigt eksemangreb. Erfaringer fra en
tidligere amerikansk dioxinkatastrofe i 1949 tyder på, at senskader i form af
kræftsygdomme ikke vil forekomme i påviseligt omfang. Efter katastrofen på
Tremileøen er der ikke påvist nogen form for menneskeskade, og ingen vil heller være
i stand til statistisk at registrere langtidsskader. Der er kun en forsvindende lille
sandsynlighed for at de vil forekomme. Bhopal katastrofen for snart to år siden
krævede mere end 2000 dødsofre, - fortrinsvis fattige 'besættere', som de uskadte
medarbejdere på fabrikken undlod at advare, da de selv flygtede. En ulandsforagt for
menneskeliv, som det nok er vanskeligt at forestille sig i et vestligt industriland.
Tjernobyl: 28 omkomne, - reaktorarbejdere og brandmænd, der arbejdede på
katastrofestedet. Et noget større antal strålesyge blandt de personer, der har opholdt
sig i umiddelbar nærhed af katastrofen. På lang sigt risiko for kræftsygdomme for de
personer, der har opholdt sig i nærheden af katastrofen. På fjernafstand i f.eks.
Skandinavien: Ingen mulighed for at registrere menneskelige senskader efter
katastrofen, og kun forsvindende sandsynlighed for at sådanne forekommer. Den
store katastrofe skaber øjeblikkeligt kraftigt følelsesprægede reaktioner i
befolkningen. Vi ser for os en katastrofe endnu større end virkelighedens. Vi
forestiller os at den let kunne være blevet meget værre. Og endelig ængstes vi for en
gentagelse nærmere os selv. Først nogen tid senere er sindene faldet så meget til ro,
at vi kan anlægge en mere nøgtern vurdering af katastrofens konsekvenser - de
menneskelige, materielle og politiske. Det er ofte blevet sagt, at vi frygter den store
katastrofe, men det er de mange små ulykker vi dør af. Den enkeltstående
usandsynlige katastrofe bør ikke få os til at miste proportionssansen. Det kan få langt
værre konsekvenser"
28-08-1986;Usikkerheden breder sig;Politiken;Af adjunkt, lic. phil. Finn Jensen. Jo større sikkerhedssystem des mindre sikkerhed. Det har de skræmmende højteknologiske katastrofer i 1985 lært os, den forulykkede rumfærge Challenger og det brændte atomkraftværk i Tjernobyl. Årsagen til sammenbruddet i sikkerhedssystemerne er hemmelighedskræmmeriet i supermagternes lukkede hierakier. Kronikøren mener, at der brug for en ny politikertype for at få styr på en amokløbende videnskab og en desillusionet befolkning.
30-08-1986;Tjernobyl;Politiken;Ove Nathan anmeldelse. Sven Aner 'Tjernobyl och Sverige'
30-08-1986;Efter Tjernobyl.;Politiken;Mærta Lisa Magnusson anmeldelse. Erik Sjøquist og Thomas Eckered 'Værlden efter Tjernobyl. Vad betyder kærnkraftolykken før oss ?'. Timbro Førlag.
02-09-1986;Her dør atomkraften;Ekstra Bladet;"Lars Ahlmark om den amerikanske ekspert i knoglemarvstransplantationer Robert Gales beretning om katastrofen på Tjernobyl Atomkraftværk og hans eget arbejde i Sovjetunionen. Med fotos af ofrene, taget på Hospital nr. 6 i Moskva af Robert Gale, Dick Champlin og John Bryson fra Ifot og Sygma. Se også leder i Ekstrabladet den 3.9. 86 side 2; - Ruslands rystelser."
03-09-1986;Ruslands rystelser;Ekstra Bladet;Om hidtil uset åbenhed i Sovjetunionen omkring atomkraftulykken i Tjernobyl og om en skibskollision i Sortehavet, som i går førte til en pressekonference i Moskva.Partisekretær MIkhail Gorbatjovs opgør med den forældede partilinie sætter sig positive spor, selv om man ikke skal lade sig forblænde til at tro, at USSR pludselig er forvandlet til et demokrati i vores forstand.
05-09-1986;Hysteri om en pjece.;Ingeniøren;"Hysteri, hysteri og atter hysteri. Blandet med et stænk af politisk plattenslageri. Sådan kan det være fristende at tolke reaktionerne på Miljøstyrelsens Barsebæck pjece. Er den virkelig så skandaløs, som Socialdemokratiets Hans Hækkerup synes at mene? Bærer den præg af at være skrevet af a-krafttilhængere, sådan som forbrugerrådet hævder? På forhånd kan man sige sig selv, at en pjece om en så følelsesladet sag som Barsebæck ikke kan undgå at blive kritiseret. Uanset hvor meget styrelsen end måtte gøre sig umage for, at hverken a-kraftmodstandere eller akrafttilhængere kan sætte fingeren på noget. Pjecens udformning berettiger da heller ikke til den voldsomme kritik. På den anden side er pjecen heller ikke så fremragende, som miljøministeren synes at mene. Dertil mangler der trods alt væsentlige oplysninger. Såfremt en katastrofesituation på Barsebæck er under opsejling, vil der først blive slået alarm på a-kraftværket. Her kunne pjecen godt have fortalt, at der fra alarmtidspunktet til f.eks. kernenedsmeltning med eventuelt påfølgende udslip går ret lang tid - sandsynligvis et par dage. En katastrofe på Barsebæck kan ikke udvikle sig med nær samme hast som på en reaktor af Tjernobyl typen. Pjecen kunne for øvrigt også godt give lidt mere eksakt oplysning om, hvor længe en radioaktiv sky er om at passere. Omtalen af jodtabletter er blevet stærkt kritiseret. Hvis man tager jodtabletter med måde i en kort periode, er der næppe grund til ængstelse. Men der mangler oplysning om, at jodtabletter skal indtages, før skjoldbruskkirtlen er blevet fyldt med radioaktivt jod. At indtage jodtabletter på et senere tidspunkt er formålsløst. Det kunne også være nævnt, at der findes jod allergikere, og at overdosering med jod i øvrigt kan give bivirkninger. Fra udlandet kendes nogle få helt absurde eksempler, hvor personer, der har taget en stor overdosis af jod, må behandles med radioaktivt jod som modgift. Barsebæck pjecen er væsentligt mere oplysende end den udsendte pjece om fødevarer og radioaktivitet. Her synes informationsmængden omvendt proportional med antallet af offentlige myndigheder, der står bag udgivelsen. 5 myndigheder i
samarbejde med Statens Informationstjeneste har skrevet pjecen 'Fødevarer og
radioaktivitet'. I pjecen fortælles, at de vigtigste isotoper i nedfaldet fra Tjernobyl var
jod-131, Cs-137 og Sr-90. Det havde nok været mere korrekt at bytte Sr-90 ud med en
anden cæsium isotop, Cs-134. Sr-90 er derimod hyppigt forekommende i nedfald fra
sprængninger af kernevåben. Når det radioaktive strontium er nævnt, kan det hænge
sammen med, at dens virkninger i den menneskelige organisme har mere alvorlige
konsekvenser end cæsium. Sr-90 optages i knoglemarven, hvor isotopens effektive
halveringstid er så lang som 18 år. Selv om cæsium isotoperne halveres på 30 år,
henholdsvis 2 år, er den biologiske halveringstid langt mindre. Hos voksne udskilles
halvdelen i løbet af ca.100 dage. Fødevarepjecen kunne godt have fortalt lidt om
betydningen af biologisk halveringstid. Læserne er ikke altid så dumme som
myndighederne tror. Skønt fødevarepjecen ikke udmærker sig ved megen information,
så er det naturligvis Barsebæck pjecen, der er i søgelyset. Der hersker mange
fantasifulde forestillinger om muligheden for en katastrofe. Selv om sandsynligheden
er forsvindende lille, er det ifølge nogle statistikere ganske ligegyldigt. Vi bør alene
interessere os for mulige konsekvenser. Så lad os gøre det i stedet. Her er det
imidlertid utrolig vanskeligt at forestille sig konsekvenser svarende til Tjernobyl. I et
autoritært system som det russiske har man ikke haft fantasi til at forestille sig, at
mennesker på et a-kraftværk gør andet end det de har lov til. Efter katastrofen på
Tremileøen talte russerne hånligt om en hændelse, der kun kunne finde sted i et
kapitalistisk samfund. På Tremileøen havde man imidlertid taget højde for den
menneskelige faktor. Her hindrede en reaktorindeslutning en katastrofe, der let kunne
være blevet lige så alvorlig som Tjernobyl. I Barsebæck er det vanskeligt at forestille
sig hvordan man kan få udslip svarende til Tjernobyls. Reaktortypen er anderledes.
Vand som moderator i stedet for grafit betyder, at cæsium, der frigøres, reagerer med
vand til cæsiumhydroxid. Jod vil for øvrigt også blive bundet til cæsium i form af
cæsiumjodid, og isotoperne vil dermed langt fra blive frigjort i samme mængder som
fra Tjernobyl. Hertil kommer, at såfremt trykket i reaktor indeslutningen stiger så
meget, at der kommer udslip, vil de radioaktive isotoper blive opsamlet i et stenfilter,
der kan tage 99,99 pct. af alle radioaktive isotoper undtaget ædelgasser som xenon
og krypton. Ædelgasarterne er kemisk inaktive, og bliver hurtigt fortyndet i
atmosfæren. Filtret, der har kostet 130 mio. sv. kr., er en helt speciel
sikkerhedsforanstaltning, der ikke kendes i andre lande. Der skal en usædvanlig
fantasi til at forestille sig en Barsebæck katastrofe svarende til den i Tjernobyl. Det erder ingen belæg for udfra teknikernes bedømmelse af såvel sandsynligheder som
konsekvenser. Men den politiske fantasi kender ingen grænser. Og derfor har det
været nødvendigt at udgive Barsebæck pjecer, som udfra almindelig sund fornuft
burde være ganske overflødige"
20-09-1986;Den største rædsel.;Politiken;Ole Lindboe anmeldelse. Nigel Hawkes m.fl. 'Tjernobyl, atomdrømmen der brast. Samleren.
25-09-1986;Strid om OOA reklame;Politiken;Danmarks Radio har nedlagt forbud mod brug af et indslag, som OOA (Organisationen til Oplysning om Atomkraft) har sendt ud til 38 lokalradioer. OOA annoncerer i et lydspot på 3 1/2 minut deres protestmarch mod atomkraft i København næste lørdag, og i lydmontagen anvendes citater fra Radioavisen 29.april med de første meddelelser fra ulykken på atomkraftværket Tjernobyl. Se også Information 25.9. 1.sektion side 10 'Danmarks Radio vil stoppe OOA indslag til lokalradioer'
30-09-1986;Uhyret fra Tjernobyl vækket til live.;Ekstra Bladet;Det ene af de sovende uhyrer i Tjernobyl blev i går vækket til live. Reaktor nr. 1, som ligger kun godt 100 meter fra reaktor fire, som eksploderede for fem måneder siden, er startet igen. Reaktor nr. to vil blive sat igang om nogle få dage. Der arbejdes stadig på at forvandle bygningen, der rummer Tjernobylværkets reaktor tre og fire til et gravmæle. Den ødelagte reaktor er ved at blive bygget ind i en 60 meter sarkofag. Tre meter tykke betonvægge skal holde de dødbringende stråler inde.
04-10-1986;Katastrofen...;Ekstra Bladet;"Jakob Andersen minut til minut gennemgang af katastrofen den 21. januar 1968, da den 204 tons tunge flyvende atomfæstning B52 Stratofortress klokken 21.40 styrtede ned på indlandsisen i Grønland med fire brintbomber ombord. Seks besætningsmedlemmer reddede sig i faldskærm, en syvende belv fundet død i flyvraget. Først klokken 17.05 den næste dag underrettede det danske udenrigsministerium offentligheden. 'Vi fandt ingen grund til at opskræmme folk', forklarede statsminister Jens Otto Krag. Udenrigsministeriets direktør Paul Fischer sagde i et radiointerview; 'Udenrigsministeriet fik tidligt underretning fra amerikanerne, men det blev understreget, at alle oplysninger var fortrolige..Jeg finder det naturligt, at vi respekterede et amerikansk ønske om at holde meddelelsen tilbage en vis tid'. I 1968 sagde professor dr.phil. O.M. Kofoed-Hansen under sit undersøgelsesarbejde i Thule; 'Der er mindre radioaktivitet i isen fra bræ eller isfjeld her ved Thule end i mit drikkevand hjemme i Roskilde'. - Man var skråsikker - Men det var jo også før Tjernobyl."
07-10-1986;Kong Kasparov.;Ekstra Bladet;"I går aftes - 32 træk inde i det 23. og næstsidste parti om
verdensmesterskabet i skak, brød jubelen ud i koncertsalen på Leningrad Hotel, da
den 23årige udfordrer Anatolij Karpov tilbød sin modspiller, den 23årige Garri
Kasparov, remis.
Kasparov var dermed kommet på 12 - 11 og havde forsvaret sit mesterskab.
Skakverdenen havde bevaret sin værdige konge. - 24. og sidste parti spilles i morgen,
men har kun betydning for præmiefordelingen. Og det er kun en formel sag. De to
spillere har forlængst i fællesskab besluttet at skænke den rekordstore præmiesum
på 8,5 mill. kr. til ofrene for
Tjernobyl katastrofen"
22-10-1986;Barsebæck kan lukke i 1990;Politiken;Barsebæck værket kan tidligst lukke i 1990, hvis det ikke skal gå ud over svensk elforsyningssikkerhed. Det fastslår en ekspertgruppe under det svenske Statens Energiråd i en rapport, udarbejdet som led i en større undersøgelse, der skal belyse mulighederne for en hurtig afvikling af svensk atomkraft. Undersøgelsen blev sat i gang af den svenske regering umiddelbart efter Tjernobyl ulykken. Fuldmægtig Finn Holten fra det danske Miljøministerium mener dog, at de endelige konklusioner ikke er taget endnu. 'Der er udelukkende tale om skitser, og vi har ikke fået forelagt selve rapporten', siger han
25-10-1986;Frankrig har fået nok af A-kraften.;Politiken;Ifølge en meningsmåling som er blevet offentliggjort i det franske ugeblad l'Express er et flertal af franskmændene nu mod atomkraft, og ønsker ikke bygget flere atomkraftværker. Frankrig har hidtil været det enesta land i Europa, hvor befolkningens flertal ifølge en række meningsmålinger er gået ind for atomkraft, men ulykken i Tjernobyl har nu ændret dette. Det nyeste franske atomkraftværk ligger i Cattenom, lige ved grænserne til Luxembourg og den vesttyske delstat Saarland.Værkets beliggenhed er blevet mødt med kraftige protester, der er taget til efter uheldet i Tjernobyl. Den vesttyske regering har ikke reageret på protesterne, men Saarland har afsendt to appeller til domstolen i Strasbourg.Den ene krævede udsættelse af ibrugtagning af værket.Den er blevet afvist.Den anden som kræver tilbagekaldelse af tilladelsen til udledning af radioaktivt materiale i opgivelserne er ikke afgjort. Luxembourg har ikke protesteret officielt, men gjort opmærksom på, at uden penge gør det ondt, og har derfor indgået en aftale med Frankrig om økonomisk hjælp til sikkerhedsforholdsregler og erstatning i tilfælde af uheld.Aftalen er ikke ratificeret.
11-11-1986;Dræbergiften er her i nat.;Ekstra Bladet;Mindst 1000 tons særdelses giftige plantebeskyttelsesmidler, heriblandt store mængder kviksølv, blev forleden skyllet ud i Rhinen i forbindelse med slukningen af en kraftig brand på den kemiske fabrik Sandoz i nærheden af Basel i Schweiz. Denne giftprop er nu på vej ud i Nordsøen og vil nå den danske del i nat eller i morgen tidlig. Ekspeditionssekretær Leif Palle fra Miljøstyrelsen siger til Ekstrabladet, at man derfra ikke kan gøre andet en at måle koncentrationen og forsøge at finde ud af, hvor i Nordsøen giften er. Direktør Hans Fuchs fra den danske Sandoz afdeling oplyser, at man kun ligger med et lager af medicin og piller. Fra moderselskabet i Schweiz er der kommet opfordring til at skærpe sikkerhedsforanstaltninger i afdelingen på Nørrebro. For millioner af vesttyskere og hollændere, der bor langs Rhinen er giftproppen en næsten uoverskuelig katastrofe. Drikkevandsforsyningen er så truet, at mange byer har måttet oprette alternative vandforsyninger. Vesttyske miljømyndigheder forbereder kæmpe erstatningskrav mod Sandoz. - Mindst 250 km af Rhinen er allerede erklæret biologisk død, og 20 års arbejde med at rense og forbedre Rhinens vandkvaliteter totalt spildt. Giftige Danmark side 7 - Danske kemikaliefabrikker har pligt til at oplyse Miljøstyrelsen om, hvilke produkter der fremstilles, og hvilke giftstoffer, der er på lager. Det er dog ikke nogen garanti for, at en katastrofe som på Sandoz i _Schweiz ikke kan ske her. 70 danske virksomheder er registreret som særligt farlige. Samtale med kontorchef Erik VAngsted fra Miljøstyrelsen, der bl.a. nævner Nordisk Alkali på Islands Brygge som en fabrik, der kan sammenlignes med Sandoz. (20 spcm). Giften værre end Tjernobyl - Ekstrabladet den 15.11. 86, side 5. Samtale med direktøren for WHO i Geneve Hakon Helberg om følgerne af giftkatastrofen på den kemiske fabrik Sandoz i Basel. Virkningerne vil måske blive værre end efter atomulykken på Tjernobylværket, mener direktøren
01-12-1986;Samspillets glæder.;Politiken;Anden del bringes 2.12. Det må være et overordet forklaring på nitraten i grundvandet, Tjernobyl, Kattegats ødelæggelse, hullet i ozonlaget. Hvor sidder hovedhanen ? Kronikøren mener, at vi må finde et ny værdisæt for at tage kampen op mod den globale tyan : Mammon. Vi må finde en bedre målestok for livskvalitet end udvikling og profit.
31-12-1986;Svensk nytår;Politiken;Den svenske regering har et par uklare punkter på regnebrættet ved årsskiftet, skriver Politiken.Af størst umiddelbar betydning er inflationen.Hvis den på årsbasis overskrider 3,2 pct har LO ret til at kræve lønaftalerne på det private arbejdsmarked genforhandlet. Til held for regeringen har en priskrig presset benzinpriserne ned, hvorfor det ventes at inflationen kan holdes lige under den magiske grænse, hvilket er af stor betydning for regeringen, da der er udsigt til dårlige konjunkturer for 1987. Svensk uklarhed berører på to punkter Danmark.Beslutningen om en fremskyndet afvikling af atomkræften varer længere end nogen forestillede sig efter Tjernobyl katastrofen, og den svenske Sydafrika politik bliver mere og mere ubegribelig for både Danmark og Norge. Grunden er dog ved at skride under Ingvar Carlsson's formalistiske politik, at Sverige kun vil deltage i en boykot aktion, hvis den besluttes af FN.Både Folkepartiet og Centerpartiet ønsker en fælles nordisk aktion, og ærkebiskop Werkstrøm har bønfaldet regeringen om at 'gå foran og angive tonen'. Det vil regeringen ikke, men erklærer sin sin tillid til, at FN snart vil beslutte sig i den ønskede retning.Sveriges politik i dette stykke er reduceret til et dickensk håb om, at noget vil vise sig.
02-01-1987;Ny skandale på Kalø Gods.;Ekstra Bladet;Samtale med skovfoged Bjørn Døssing, der efter 32 år i statens tjeneste har opsagt sin stilling på Kalø Gods i protest mod den giftige atmosfære i Landbrugsministeriets Vildtforvaltning på Kalø. Samtidig har statsrevisorerne påtalt de 'administrative helt uholdbare dispositioner', som den nuværende administrator Holger Bunk Dybdahl har foretaget. Bjørn Døssing nævner som eksempel, at administratoren har fyret en dygtig og vellidt mand, overforvalter Ove Knudsen, med den begrundelse, at han ikke i en årrække har kunnet skabe overskud på Kalø Gods' landbrug. Overforvalteren har kun fulgt de vanvittige påbud, han har fået fra højere sted. Departementschef Nils Bernstein siger, at man afventer statsrevisorernes rapport, der skulle foreligge i januar måned 87. Kalø skandalen op i Folketinget. - Ekstrabladet den 8.1. 87, side 21. Samtale med folketingsmedlem Ritt Bjerregaard, SD, om forholdene i Landbrugsministeriets Vildtforvaltning på Kalø Gods. Peger på, at vildtforvaltningen er det sted, hvor man ikke blot måler dansk landbrugs forurening, men også denne forurenings virkning på vildtet. Man burde også kunne forske i virkningerne af ulykker som atomudslippet på Atomkraftværket Tjernobyl, men den side af forskningen har Landbrugs- ministeriet fuldstændig ignoreret. Som Statsrevisor er Ritt Bjerregaard forbløffet over, at man i Landbrugsministeriet overhovedet ikke har reageret på Rigsrevisionens skarpe kritik af Kalø Gods. Finansudvalget skal nu se på tingene, siger Ritt og tilføjer at det måske var en ide, om statsminister Poul Schlüter overvejede det nej, han i sin tid sagde til at flytte Kalø Vildtforvaltning fra Landbrugsministeriet til Miljøministeriet. (30 spcm - Eva Bostrup). Nu skal Britta stå skoleret. - Ekstrabladet den 12.1. 87, side 14. Socialdemokraten Mogens Camre har bedt om at få landbrugsminister Britta Schall Holberg indkalt til samråd i Finansudvalget om afskedigelsen af overforvalter Ove Knudsen på vildtforvaltningen på Kalø Gods. Camre forlanger at få rede på den økonomiske baggrund for fyringen af overforvalteren, og en forklaring på, hvorledes overforvalteren kan være ansvarlig for Kaløs dårlige økonomi
11-01-1987;Samernes tragedie.;Politiken;Jørn Ruby anmeldelse. 'Chernoby Autumn'. Dokumentarfilm af Dan Sæll om Lapland efter katastrofen i Tjernobyl.
29-01-1987;Tjernobyl på mode.;Ekstra Bladet;Interview med den 32 årige Jan Herskind, der sammen med sin bror for et halvt år siden startede et tøjfirma. Firmaet hedder Radio Activ, og det er ment som en protest mod atomkraftværkerne, ligesom de enkelte beklædningsgenstande har navn efter atomkraftværker. Den nye forårs kollektion bliver udsendt under Radio Activ skrevet på russisk, fordi det danske In Wear Matinique har fået nedlagt fogedforbud mod Radio Activ, fordi de har en underafdeling, der hedder Radio. Jan Herskind får tøjet produceret i Herning og hans forældre hjælper med administrationen, telefonpasning og vareforsendelse fra deres gård ved Assens. Herskind har endnu ikke tjent noget på tøjfirmaet, men han er optimist.
30-01-1987;Radioavisen talerør for myndigheder ved atomuheld.;Ingeniøren;Miljøstyrelsen mener, at informationer om atomuheld er for vigtig en sag til at den alene kan overlades til journalister og medier, og derfor ønsker et udvalg, at medierne, aviser, fjernsyn og radio skal stille sig til rådighed for såkaldte 'officielle meddelelser'. Radio og TV skal sende meddelelserne uden at ændre i indholdet, medens man 'ikke på nogen måde bare vil overveje begrænsninger af den journalistiske formidling'. Forslaget er led i arbejdet med at etablere en landsdækkende beredskabsplan for atomuheld, som blev indledt efter ulykken på Tjernobyl værket.Strømmen af utilstrækkelig information om Tjernobyl fik mange borgere til at kime Miljøstyrelsen ned. Også mange journalister ringede, og for at begrænse antallet af opklaringsspørgsmål fra medierne i fremtiden, foreslås det, at der bliver lavet et fælles opslagsværk for medier og myndigheder.Det skal sammen med myndigkedskurser for mediefolk og mediekurser for myndighedsfolk sikre, at medier og myndigheder taler samme sprog.
08-02-1987;Styret glemsel;Politiken;Thomas Bredsdorff anmeldelse. Teatergruppen Blå Teatern's opførelse af 'Det første spil om Tjernobyl', Folkkulturcentrum, Stockholm
20-02-1987;Jugoslavien stopper atomkraftværk.;Politiken;Jugoslavien har besluttet at stoppe landets eneste atomkraftværk på ubestemt fordi der har været omkring 36 nedbrud siden værket blev bygget af det amerikanske firma Westinghouse Corporation i 1981. Landet har tidligere haft planer om bygning af yderligere fire atomkraftværker, men efter ulykken ved Tjernobyl i Sovjetunionen er befolkningens modstand mod kernekraft vokset.Atompolitikken er herefter taget op til nye overvejelser.
22-03-1987;Naturkatastrofe;Politiken;Foromtale af Dan Sæll's smukke og engagerede film om det slag mod livsnerven i den samiske kultur, som Tjernobyl ulykken blev. DR sender 'Tjernobyl Efterår' den 25/3.
26-04-1987;År 1 efter Tjernobyl;Politiken;Mærta Lisa Magnusson, lektor ved Sydjysk Universitetscenter, og Ole Nørgaard, lektor i statskundskab ved Institut for Statskundskab på Århus Universitet, gør status et år efter Tjernobyl. Hvad de medicinske langtidsvirkninger af katastrofen angår, er man i dag ikke meget længere end for et år siden. Heller intet tyder på, at Tjernobyl har medført nogen forandringer i det sovjetiske atomkraftprogram, og der er heller ingen tegn på, at der er sket ændringer i sovjetborgernes holdning til atomkraft.
22-05-1987;Sagkyndiges skøn misbruges.;Ingeniøren;Ingeniøren kritiserer politiske maghaveres lyst til at manipulere med eller misbruge sagkyndiges skøn, som det blandt andet er sket i tilfælles med EF kommissionens fortolkning af ç-31 udvalget, som det er sket med rensdyrene i Lapland efter Tjernobyl, og som det er sket i tilfældet med Miljøministeriets rapport om konsekvenserne af det værst tænkelige atomuheld. Ministre og politikere har ikke pligt til at kende hverken varmeteoriens anden hovedsætning eller til stråling og strålingsniveauer.Men en politiker må kunne stole på embedsmændenes svar og embedsmændene må tilsvarende kunne stole på at politikerne ikke misbruger svarene. Ubekvemme svar må ikke undertrykkes og spørgsmål må være reelle og ikke kun led i et taktisk politisk spil.
22-05-1987;EF ønsker politiske ikke saglige grænser for;Ingeniøren;EF har forsøgt at skabe et regelsæt, der skal hindre samme forvirring i fællesskabet som opstod i kølvandet på Tjernobyl katastrofen, med hensyn til den radioaktive forurening af afgrøderne. Dette arbejde tager relativ lang tid, blandt andet fordi der er konflikt mellem de politiske hensyn, som EF Kommissionen mener at måtte tage, og de anbefalinger, en af EF's arbejdsgrupper er fremkommet med. Arbejdsgruppen, ç-31 gruppen, føler sig misbrugt af kommissionen, fordi denne i et brev til Ministerrådet har skrevet, at ç-31 gruppen har anbefalet en øvre GRÆNSE for den strålingsbelastning en person må få gennem føden det første år efter en radioaktiv landforurening. Kommissionen har taget gruppen til indtægt for synspunkter den ikke har.Arbejdsgruppen har ikke talt om grænser men om referenceNIVEAUER og vil iøvrigt ikke kendes ved den ene millisievert, kommissionen har fundet frem til.
25-10-1987;Hvor er nødudgangen?;Politiken;"Niels Barfoed skriver om Christa Wolf's bøger om Tjernobyl og den moderne civilisations havari: Christa Wolf; 'Havari', oversættelse Hanne Lisbeth Rasmussen. Forlaget Vindrose. Christa Wolf; 'Skyggen af en drøm', essays i udvalg ved Jette Lundbo Levy"
10-12-1987;Glasnost på bulgarsk.;Politiken;Bulgariens 74 årige præsident og partileder Todor Zhivkov har på et plenummøde i centralkomiteen indvarslet radikale ændringer i medierne, indbefattende lukning af en række aviser og tidsskrifter, der 'kun eksisterer for at være en fjer i hatten på udgiverne'. Hermed er glasnost begrebet for første gang for alvor blevet konkretiseret efter længe at være holdt på abstraktionernes uforpligtende plan. Hidtil har den nye åbenhed først og fremmest skulle tjene kampen mod såkaldte negative fænomener, men nu taler præsidenten om, at organisationernes ledere skal slippe deres 'paternalistiske' greb om de blade og tidsskrifter, de udgiver. Om regeringsbladet siger han, at det bør være en avis for alle kommunister og ikke kun talerør for partiets elite. Også radio og TV fik besked. De gennemførte glasnost i et altfor sløvt tempo. Den synligste presse pressemæssige åbenhed, der indtil Zhivkovs tale haør været at spore, har vedrørt dækningen for et halvt år siden af nogle ulykker som f.eks. en eksplosion i et kemisk kombinat og et jordskælv. Ved disse lejligheder blev der ifølge Financial Times imod sædvane rapporteret usædvanligt hurtigt og relativt usminket. Til gengæld blev katastrofen i Tjernobyl et år tidligere dækket meget ufuldkomment, dels med en stor forsinkelse. Den ukrainske katastrofe for landets eget program for kerneenergi er ikke blevet omtalt.
22-12-1987;KASPAROV GENVANDT VERDENSMESTERSKABET I SKAK;Politiken;Politiken skriver (21.12.87), at den forsvarende mester Garri Kasparov har genvundet sit verdensmesterskab i skak ved i Sevilla at besejre udfordreren Anatolij Karpov. Situationen før sidste parti var enestående for den tid, hvor verdensskakforbundet FIDE har stået for VM. Udfordreren Karpov havde ved at vinde 23. og næstsidste parti bragt sig foran 12-11 og skulle kun have remis for at vinde det VM tilbage, som han besad fra 1975 - 84. Men da Kasparov vandt det sidste parti, udlignede han dermed til 12-12 og beholdt sit verdensmesterskabt med det uafgjorte resultat. Det sidste parti var en verdensmester værdig, og nu kan Kasparov regere videre i fred i hvert fald i tre år, før der igen er titelforsvar. De to spillere er stadig en klasse bedre end dagens øvrige stormestre. Og hvilke matcher de spiller mod hinanden. Dette var den fjerde på tre år, og ingen af dem har været kedelige eller undgået dramatisk til sidste træk. MILLIONER PÅ SPIL Præmien på 3,8 mio kr er på forhånd af begge spillere givet til Tjernobyl ofrene. Men VM titlen giver penge. Og det bliver millioner, der batter, og som langt om længe sender skakkens topstjerner op i klasse med golfens og tennisspillets.
